Depth,Age, Pinus                                         ,Abies,Picea,Juniperus-Type, Pseudotsuga                          ,Tsuga, Ephedra nevadensis#                    ,Ephedra torreyana    , Populus#                                      , Acer                                       , Quercus                               , Juglans, Aesculus,Lithocarpus /  Castanopsis   ,Liquidambar, Garrya / Fremontia        , Rhizophora                , Platanus                         ,RHAMNACEAE                                      , ROSACEAE                                        ,Dodonea           ,Simmondsia     , Bursera                            , Ceanothus                         , Lonicera                                   , Celtis                  ,Eucalyptus                                , Salix                                    , Myrica                                  , Alnus                                      , Artemisia                            , Prosopsis /  Olneya               ,Ambrosia                                 ,Liguliflorae                                    ,High-Spine-COMPOSITAE                      ,Low-Spine-COMPOSITAE                      ,MALVACEAE ,CRUCIFERAE,Arceuthobium,CARYOPHYLLACEAE,RUBIACEAE,EUPHORBIACEAE,LEGUMINOSAE,Dalea,LABIATAE,Salvia,Eriogonum,Polygonum persicaria, Rumex,NYCTAGINACEAE                                   ,Plantago,POLEMONIACEAE                                   ,Gilia, Navarretia                       ,UMBELLIFERAE                                    ,ONAGRACEAE      ,Rhus, ERA - type                                      , GRAMINEAE                                       , Cheno/Am - type                                 , Sarcobatus                            ,Typha / Sparganium            ,CYPERACEAE                                      , LILIACEAE / AGAVACEAE                       , Alternanthera, Potamogeton                         , Isoetes                                ,Dryopteris                                 ,Pteridium                         ,Athyrium                     ,Selaginella                         , Botrychium                       ,Monolete                                        ,Trilete                         ,Pediastrum                       ,Indeterminate                                   , Unknown                                         , Redeposited     , Total           ,Control                                         ,APFAC           ,Other1,Other2,Other3,Other4,Other5,Other6,NoID
0.1,1241.49855,8.817635271,0,0,2.004008016,0,0,0,0.400801603,0,0,6.813627255,0,0,0,0,0,0,0.200400802,0.200400802,0,0,0.400801603,0,0,0,1.002004008,0,0,0,0.601202405,1.803607214,0,27.65531062,0,4.008016032,0,0.200400802,0,0,0,0,0,0,0.200400802,0,0,0.200400802,0,0,0,1.20240481,0,0,0,0,0,0,1.803607214,11.82364729,21.44288577,0,0,0.200400802,0,0,0,0,0,0.200400802,0,0,0,0,0.200400802,0,2.404809619,6.21242485,0,100,130.260521,13.0260521,0,13.82765531,0,0,0,0,0
0.3,1408.90095,12.37623762,0,0,0.742574257,0,0,0,0.495049505,0,0,11.13861386,0,0,0,0,0,0,0.247524752,0,0,0,0.742574257,1.732673267,0,0,1.237623762,0,0.742574257,0,0.99009901,1.237623762,0,22.77227723,0,4.95049505,0,0.495049505,0,0,0,0,0,0,0,0,0,0,0,0,0,1.237623762,0,0,0,0,0,0,0.99009901,8.663366337,20.2970297,0,0,0,0.247524752,0,0.247524752,0,0,0,0,0,0,0,0.495049505,0,3.217821782,4.702970297,0,100,87.12871287,0,0,0,0,0,0,0,0
0.6,1662.5178,5.970149254,0,0,2.985074627,0,0,2.985074627,0,0.497512438,0.497512438,3.482587065,0,0,0,0,0,0,0,0.497512438,0,0,0,0,0,0,0.497512438,0,0.497512438,0,0.497512438,1.990049751,0,17.91044776,0,3.980099502,0,0,0,0,0,0,0,0,0,0,0,0,0,0,0,1.990049751,0,0,0,0,0,0,0,12.93532338,27.86069652,0,0,0,0,0,0,0,0,0,0,1.492537313,0,0,0.497512438,0,7.462686567,8.955223881,0,100,124.3781095,6.965174129,0,9.452736318,0,0,0,0,0
1,2005.365,5,0,0,0.434782609,0,0,0.217391304,0,0,1.086956522,9.130434783,0,0,0,0,0,0,0,0,0,0,0.434782609,0.869565217,0,0.217391304,1.086956522,0,0.217391304,0,0,1.304347826,0,15.86956522,0,3.260869565,0,0.652173913,0,0,0,0,0,0,0,0,0,0.217391304,0,0,0,0.434782609,0,0,0,0,0,0,1.304347826,8.913043478,23.47826087,0,0,0.217391304,0,0,0,0,0,0,0,0.652173913,0,0,0,0,3.913043478,4.565217391,0,100,117.6086957,0,0,0,0,0,0,0,0
1.4,2353.5738,9.067357513,0,0,1.03626943,0,0,0,0.259067358,0,0.259067358,8.031088083,0,0,0,0,0,0,0.518134715,0,0,0,0,0,0,0,0,0,0.518134715,0,0,1.554404145,0,19.68911917,0,0,5.440414508,0,0,0,0,0,0,0,0,0,0,0.259067358,0,0,0,1.813471503,0,0,0,0,0,0,0,9.32642487,24.61139896,0,0,0,0,0,0,0,0,0,0,0,0,0,0.259067358,0,4.663212435,12.69430052,0,100,103.626943,6.994818653,0,7.772020725,0,0,0,0,0
1.6,2529.6888,10.29411765,0,0,1.470588235,0,0.490196078,0,0,0,0,12.74509804,0,0,0,0,0,0,0,0.490196078,0,0,0,0.980392157,0,0,1.470588235,0,0,0,0,0.980392157,0,23.52941176,0,2.941176471,0,0.490196078,0,0,0,0,0,0,0,0,0,0,0.490196078,0,0,0,0,0,0,0,0,0,2.450980392,9.31372549,21.56862745,0,0,0,0,0,0,0,0,0,0,0,0,0,0.980392157,0,3.921568627,5.392156863,0,100,147.5490196,0,0,0,0,0,0,0,0
1.9,2796.37455,8.525754885,0,0,1.776198934,0,0,0,0,0,0,3.907637655,0,0,0,0,0,0.177619893,0,0.177619893,0,0,0,0,0,0,0.177619893,0,0,0,0.355239787,0.710479574,0,18.11722913,0,4.618117229,0,0,0,0,0,0,0,0,0.710479574,0,0,0,0,0,0,0.177619893,0,0,0,0,0,0,0,11.90053286,32.3268206,0,0,0,0,0,0,0,0,0,0,0,0,0,0.177619893,0,3.907637655,12.25577265,0,100,142.0959147,9.591474245,0,9.591474245,0,0,0,0,0
2.8,3614.5272,9.287925697,0,0,2.786377709,0,0,0,0,0,0.309597523,10.21671827,0,0,0,0,0,0,0.619195046,0,0,0,0,0,0,0,0.309597523,0,0.619195046,0,0,0.619195046,0,9.59752322,0,2.476780186,0,0.619195046,0,0,0,0,0,0,0,0,0,0,0.309597523,0,0,0,0,0,0,0,0,0,0,8.66873065,37.15170279,0,0,0,0,0,0,0,0,0,0,0,0,0,0.619195046,0,3.405572755,11.14551084,0,100,123.8390093,7.739938081,0,10.83591331,0,0,0,0,0
3.7,4459.82295,10.79136691,0,0,0.71942446,0,0,0,0,0,0,9.352517986,0,0,0,0,0,0,0,1.438848921,0,0,0,0,0,0,0.71942446,0,0.71942446,0,0,0.71942446,0,0,0,0,0,0,0,0,0,0,0,0,0,0,0,0,0,0,0,2.158273381,0,0,0,0,0,0,0,20.86330935,32.37410072,0,0,0,0,0,0,0,0,0,0,0,0,0,0.71942446,0,9.352517986,10.07194245,0,100,287.7697842,0,0,0,0,0,0,0,0
5.1,5828.67855,33.33333333,0,0,0,0,0,0,0,0,0,7.462686567,0,0,0,0,0,0,0,0.497512438,0,0,0,0,0,0,0,0,0.497512438,0,0.497512438,0.995024876,0,5.472636816,0,3.482587065,0,0,0,0,0,0,0,0,0,0,0,0,0,0,0,0,0,0,0,0,0,0,0,12.93532338,23.38308458,0,0,0,0,0,0,0,0,0,0,0.497512438,0,0,0,0,4.975124378,5.970149254,0,100,199.0049751,14.4278607,0,16.91542289,0,0,0,0,0
5.5,6231.84375,10.38961039,0,0,1.948051948,0,0,0,0,0,0,9.090909091,0,0,0,0,0,0.324675325,0,0.649350649,0,0,0.974025974,2.272727273,0,0,1.623376623,0,0.974025974,0,1.298701299,0.649350649,0,15.58441558,0,3.246753247,0,0,0,0,0,0,0,0,0,0,0,0.324675325,0,0,0,0.974025974,0,0,0,0,0,0,0.974025974,13.63636364,25.32467532,0.324675325,0,0,0,0,0,0,0,0,0,0,0,0,0,0,1.948051948,8.116883117,0,100,131.4935065,0,0,0,0,0,0,0,0
5.9,6640.37055,28.27586207,0,0.344827586,2.068965517,0,0,0,0,0,0,5.172413793,0,0,0,0,0,0,0.344827586,0,0,0,0,0,0,0,0,0,0.344827586,0,0,1.379310345,0,8.620689655,0,2.068965517,0,0,0,0,0,0,0,0,0,0,0,0.344827586,0.344827586,0,0,0,0,0,0,0,0,0,0.344827586,12.06896552,25.17241379,0,0.344827586,0.344827586,0.344827586,0,0,0,0,0,0,0,0,0,0.344827586,0,3.793103448,7.24137931,0,100,224.137931,11.37931034,0,15.17241379,0,0,0,0,0
6.2,6950.2842,8.539944904,0,0,1.928374656,0,0,0,0,0,0.275482094,10.74380165,0,0,0,0,0.275482094,0.275482094,0.550964187,0,0,0,0.275482094,0.826446281,0,0,0.826446281,0,0.550964187,0,0.275482094,1.377410468,0,14.87603306,0,3.856749311,0,0,0,0,0,0,0,0,0.550964187,0,0,0,0,0,0,0,0,0.275482094,0,0,0,0,1.928374656,14.60055096,26.1707989,0,0,0.275482094,0,0.275482094,0,0,0,0,0,0,0,0,0.550964187,0,4.132231405,5.509641873,0,100,110.1928375,0,0,0,0,0,0,0,0
6.6,7368.1938,27.94759825,0,0,0.873362445,0,0,0,0,0,0,8.733624454,0,0,0,0,0,0,0,0.436681223,0,0,0,0,0,0,1.746724891,0,0,0,0.436681223,1.310043668,0,7.860262009,0,2.183406114,0,0.873362445,0,0,0,0,0,0,0,0,0,0,0,0,0,0,0,0,0,0,0,0,0,11.35371179,17.03056769,0,0,0,0,0,0,0,0,0,0,0,0,0,1.310043668,0,9.170305677,9.170305677,0,100,131.0043668,6.986899563,0,7.860262009,0,0,0,0,0
7,7791.465,10.83743842,0,0,0.985221675,0,0,0,0.492610837,0,0,8.374384236,0,0,0,0,0,0,0,0,0,0,0,0.492610837,0,0,0.492610837,0,0.985221675,0,0,0.985221675,0,18.22660099,0,0.985221675,0,0.492610837,0,0,0,0,0,0,0,0,0,0,0,0,0,0.492610837,0,0,0,0,0,0,2.463054187,17.24137931,26.10837438,0,0,0,0,0,0,0,0,0,0,0,0,0,0,0,7.389162562,5.911330049,0,100,98.52216749,9.359605911,21.67487685,6.896551724,0,0,0,0,0
7.3,8112.43695,3.202846975,0,0,2.846975089,0,0,0,0.711743772,0,0,8.185053381,0,0,0,0,0,0.355871886,0,0,0,0,0,1.067615658,0,0,1.067615658,0,0.355871886,0,1.067615658,1.067615658,0,18.86120996,0,4.270462633,0,0,0,0,0,0,0,0,0,0,0,0,0,0,0,0,0,0,0,0,0,0,7.117437722,14.94661922,19.57295374,0,0,0,0,0.355871886,0,0,0,0,0,0,0,0,0,0,5.338078292,9.608540925,0,100,71.17437722,0,0,0,0,0,0,0,0
7.6,8436.4248,18.51851852,0,0,1.851851852,0,0,0,0.264550265,0,0,5.555555556,0,0,0,0,0,0.264550265,0,0,0,0,0,0,0,0,0.529100529,0,1.058201058,0,0.529100529,1.587301587,0,16.66666667,0,4.232804233,0,0.264550265,0,0,0,0,0,0.264550265,0.264550265,0,0,0,0,0,0,0.264550265,0,0.264550265,0.264550265,0,0,0,2.116402116,11.37566138,22.48677249,0,0.264550265,0.793650794,0,0,0,0,0,0,0,0,0,0,0.264550265,0,4.497354497,5.555555556,0,100,105.8201058,6.878306878,27.51322751,7.936507937,0,0,0,0,0
8,8873.1,6.875,0,0,2.5,0,0,0,0.9375,0,0,7.1875,0,0,0,0,0,0,0,0,0,0,1.5625,0,0,0,0.9375,0,0.625,0,0.3125,0.3125,0,17.5,0,4.0625,0,0,0,0,0,0,0,0,0.625,0,0,0,0,0,0,0.9375,0,0,0,0,0.3125,0,2.5,14.375,22.1875,0,0.3125,0.625,0.3125,0,0,0,0,0,0,0,0,0,0,0,4.0625,10.9375,0,100,98.125,0,0,0,0,0,0,0,0
8.7,9650.18295,16.83168317,0,0,0.660066007,0,0,0,0,0,0,9.240924092,0,0,0,0,0,0,0,0,0,0,0,0,0,0,0.99009901,0,0,0,0,0.330033003,0,13.53135314,0,5.940594059,0,0,0,0,0,0,0,0,0,0,0,0,0,0,0,0,0,0,0,0,0,0,0,13.20132013,22.44224422,0,0,0,0,0,0,0,0,0,0,0,0,0,0,0,8.910891089,7.920792079,0,100,132.0132013,7.590759076,0,9.570957096,0,0,0,0,0
9.8,10904.4882,10.0286533,0,0,2.005730659,0,0,0,0,0,0,8.595988539,0,0,0,0,0,0,0,0.286532951,0,0,0,0,0,0,0.573065903,0,0,0,1.146131805,2.005730659,0,17.19197708,0,4.297994269,0,0,0,0,0,0,0,0,0,0,0,0,0,0,0,0,0,0,0,0,0,0,0,18.05157593,17.76504298,0,0,0.573065903,0,0,0,0,0,0,0,0,0,0,0,0,5.444126075,12.03438395,0,100,114.6131805,7.449856734,0,7.163323782,0,0,0,0,0
10.3,11488.03095,27.73333333,0.266666667,0.266666667,0.533333333,0,0,0,0.533333333,0,0,6.666666667,0,0,0,0,0,0,0,0,0,0,1.333333333,0.266666667,0,0,0.533333333,0,0.266666667,0,1.333333333,2.4,0,17.86666667,0,4.8,0,0,0,0,0,0,0,0,0,0,0,0,0,0,0,0.533333333,0,0,0,0,0,0.533333333,1.066666667,13.86666667,8.266666667,0,0,0.266666667,0,0,0,0,0,0,0,0.266666667,0,0,0.533333333,0,5.333333333,4.533333333,0,100,80,5.6,20.26666667,4.8,0,0,0,0,0
10.7,11960.89695,22.6993865,0,0,1.840490798,0,0,0,0,0,0.613496933,10.12269939,0,0,0,0,0,0,0.306748466,0,0,0,0,0,0,0,0,0,0,0,0.920245399,3.067484663,0,22.08588957,0,4.90797546,0,0,0,0,0,0,0,0,0,0,0,0,0,0,0,0,0,0,0,0,0,0,0,14.72392638,12.57668712,0,0,0,0,0,0,0,0,0,0,0,0,0,0,0,3.680981595,2.45398773,0,100,61.96319018,0,0,0,0,0,0,0,0
11.3,12680.24895,16.18257261,0,0.829875519,4.149377593,0,0,0,0,0,0.20746888,6.639004149,0,0,0,0,0,0,0.829875519,0.20746888,0,0,0,0,0,0,1.244813278,0,0.20746888,0,0.622406639,6.22406639,0,22.82157676,0,6.01659751,1.452282158,0,0,0,0,0,0,0,0,0,0,0.414937759,0,0.622406639,0,0.414937759,0.20746888,0,0,0,0,0.414937759,0,7.883817427,12.2406639,0.20746888,0,0,0,0,0,0,0,0,0,0,0,0,0,0.20746888,3.941908714,5.809128631,0,100,41.49377593,0,0,1.867219917,0,0,0,0,0
11.6,13044.4488,18.50899743,0,0,3.341902314,0,0,0,0,0,0.514138817,9.254498715,0,0,0,0,0,0,0,0,0,0,0.514138817,0,0,0,1.542416452,0,0.257069409,0,0.257069409,2.313624679,0,26.99228792,0,3.341902314,0,0,0,0,0,0,0,0,0,0.257069409,0,0,0,0,0,0,0,0,0,0,0,0,0,8.740359897,15.16709512,0,0,0,0.257069409,0,0,0,0,0,0,0,0,0,0,0,4.627249357,4.11311054,0,100,70.6940874,3.341902314,16.70951157,3.598971722,0,0,0,0,0
12,13534.74,27.34693878,0,0,2.448979592,0,0,0,0,0,0,4.081632653,0,0,0,0,0,0,0,0,0,0,0,0.816326531,0,0,1.632653061,0,0,0,0.408163265,0.408163265,0,29.3877551,0,3.673469388,0,0,0,0,0,0,0,0,0,0,0,0,0,0,0,0.408163265,0,0,0,0,0,0,0.816326531,8.571428571,7.346938776,0,0,0.408163265,0,0,0,0,0,0,0,1.224489796,0,0,0.816326531,0,6.12244898,4.081632653,0,100,81.63265306,5.714285714,17.55102041,6.12244898,0,0,0,0,0
12.5,14155.14375,12.55144033,0,0,8.847736626,0,0,0,0.411522634,0,1.440329218,8.024691358,0,0,0,0,0,0,0,0,0,0,0,0,0,0,3.497942387,0,0.205761317,0,0,0,0,34.97942387,0,1.440329218,0,0,0,0,0,0,0,0,0,0,0,0,0,0,0,0,0,0,0,0,0,0,0,4.732510288,6.58436214,0,0,0.823045267,0.205761317,0,0,0,0,0,0,0.205761317,0,0,2.057613169,0,6.995884774,6.995884774,0,100,82.30452675,6.58436214,0,5.555555556,0,0,0,0,0
12.8,14531.4072,7.621247113,0,0,9.930715935,0,0,0,0.461893764,0.230946882,0.923787529,9.930715935,0.230946882,0,0,0.230946882,0,0,0,0.692840647,0,0,0,0,0,0,4.387990762,0,0,0,0,2.540415704,0,33.02540416,0,4.387990762,0,0,0,0,0,0,0,0,0,0,0,0.461893764,0,0,0,0.461893764,0,0,0,0,0,0,1.154734411,4.849884527,8.775981524,0,0.230946882,0.461893764,0.692840647,0.230946882,0,0,0,0,0,0,0,0.230946882,0,0,3.926096998,3.926096998,0,100,92.37875289,7.390300231,19.63048499,6.23556582,0,0,0,0,0
12.9,14657.49855,16.57303371,0,0,17.13483146,0,0,0,0,0,0,7.303370787,0,0,0,0,0,0,0.280898876,0,0,0,0,0,0,0,1.966292135,0,0,0,0.561797753,0.842696629,0,30.8988764,0,1.123595506,0,0.280898876,0,0,0,0,0,0,0,0,0,0,0,0,0,0.842696629,0,0,0,0,0,0,0,3.370786517,6.179775281,0,0,0.561797753,0.280898876,0,0,0,0,0,0,0,0.280898876,0.280898876,0,0,7.02247191,4.213483146,0,100,112.3595506,7.584269663,0,6.741573034,0,0,0,0,0
13.4,15292.9818,12.71929825,0,0,21.71052632,0,0,0,0.657894737,0,0.219298246,7.01754386,0.219298246,0,0,0.438596491,0,0,0,0,0,0,0,0,0,0,2.192982456,0,0,0,0,1.315789474,0,27.19298246,0,3.50877193,0,0.219298246,0,0,0,0,0,0,0,0,0,0.219298246,0,0,0,0.438596491,0,0,0,0,0,0,0.219298246,5.701754386,5.263157895,0.219298246,0,0.877192982,0.438596491,0,0,0,0,0,0,0.438596491,0,0,0.219298246,0,3.947368421,4.605263158,0,100,65.78947368,3.947368421,14.03508772,3.50877193,0,0,0,0,0
14.5,16720.53375,9.367681499,0,0.468384075,20.14051522,0,0,0,0.702576112,0,0,6.323185012,0,0,0,0,0,0,0,0.234192037,0,0,0,0,0,0,0.234192037,0,0.234192037,0.234192037,0.234192037,8.899297424,0,25.76112412,0.234192037,3.981264637,0,0,0,0,0,0,0,0,0,0,0,0.234192037,0,0,0,0,0,0,0,0,0,0,0,1.8735363,11.2412178,0,0,0,0,0,0,0,0,0,0,0.93676815,0,0,0,0,3.278688525,5.386416862,0,100,46.83840749,0,0,3.278688525,0,0,0,0,0
14.763,17067.85459,18.25613079,0,0.817438692,26.43051771,0,0,0,1.089918256,0,0.817438692,2.179836512,0,0,0,0,0,0,0,0,0,0.272479564,0,0,0,0,0.272479564,0,0,0,0,6.811989101,0,22.61580381,0,3.814713896,0,0.272479564,0,0,0,0,0,0,0,0,0,0,0,0,0,0,0,0,0,0,0,0,0,2.72479564,7.901907357,0.272479564,0,0.272479564,0,0,0,0,0,0,0,0,0,0,0.272479564,0,4.08719346,1.089918256,0,100,27.2479564,0,0,0,0,0,0,0,0
14.871,17211.15198,17.08860759,0,0.316455696,23.57594937,0,0,0,0.316455696,0.158227848,0.316455696,4.113924051,0,0,0,0,0,0,0,0,0,0,0,0,0,0,0.474683544,0,0,0,0.158227848,8.860759494,0,18.35443038,0,3.639240506,0,0,0,0,0,0,0,0,0,0,0,0,0,0,0,0.474683544,0,0,0,0.158227848,0,0,1.107594937,2.53164557,13.92405063,0.316455696,0.316455696,0.158227848,0.316455696,0,0,0,0,0,0,0,0,0,0,0,1.740506329,1.424050633,0,100,31.64556962,0,0,2.056962025,0,0,0,0,0
14.9,17249.69655,18.38235294,0,0.245098039,19.85294118,0,0,0,1.225490196,0,0.245098039,4.901960784,0,0,0,0,0,0,0,0,0,0.490196078,0.245098039,0,0,0,0.490196078,0,0,0,0,5.882352941,0,23.52941176,0.245098039,4.166666667,0,0,0,0,0,0,0,0,0,0,0,0,0,0.245098039,0,0,0,0,0,0,0,0,0,3.18627451,10.78431373,0.245098039,0.245098039,0.490196078,0.245098039,0,0,0,0,0,0,0,0,0,0,0,2.450980392,2.205882353,0,100,49.50980392,0,0,0,0,0,0,0,0
15.171,17611.25109,13.39285714,0,0.510204082,15.94387755,0,0,0,0.12755102,0,0.12755102,3.443877551,0.12755102,0,0,0,0,0,0,0,0,0,0,0,0,0,0.12755102,0,0,0,0.12755102,4.464285714,0,13.64795918,0,1.658163265,0,0,0,0,0,0,0,0,0,0,0,0,0,0,0,0.12755102,0,0,0,0,0,0,0.255102041,3.18877551,7.142857143,0.12755102,0,0.12755102,0.12755102,0,0,0,0,0,0,0.637755102,0,0,0.12755102,0,2.933673469,1.658163265,0,100,25.51020408,0,11.98979592,1.658163265,0,0,0,0,0
15.2,17650.0872,15.67460317,0,0.595238095,20.43650794,0,0,0,1.19047619,0,0,6.150793651,0,0,0,0,0,0,0,0.396825397,0,0.793650794,0,0.198412698,0,0,0.793650794,0,0.396825397,0,0,4.563492063,0,22.61904762,0,2.579365079,0,0,0,0,0,0,0,0,0,0,0,0.198412698,0,0,0,0.396825397,0,0,0,0,0,0,0,3.373015873,9.722222222,0,0,0.198412698,0,0,0,0,0,0,0,0.595238095,0,0,0.396825397,0,2.579365079,4.761904762,0,100,39.68253968,0,0,0,0,0,0,0,0
15.471,18014.36611,14.24332344,0,0.296735905,27.00296736,0,0,0,0.148367953,0,0.148367953,5.489614243,0,0,0,0,0,0,0.148367953,0.148367953,0,0,0,0.741839763,0,0,0,0,0.296735905,0,0,6.231454006,0,21.95845697,0,1.928783383,0,0.148367953,0,0,0,0,0,0,0,0,0,0,0,0,0,0.296735905,0.148367953,0,0,0,0,0.148367953,0.296735905,2.96735905,12.01780415,0.296735905,0,0.148367953,0,0,0,0,0,0,0,0.296735905,0,0,0.148367953,0,1.928783383,2.37388724,0,100,29.6735905,0,0,2.077151335,0,0,0,0,0
15.6,18188.6328,18.55670103,0,0.515463918,21.39175258,0,0,0,0.257731959,0,0.257731959,3.608247423,0,0,0,0,0.773195876,0,0,0,0,0,0,0.515463918,0,0,0.257731959,0,0.257731959,0,0,5.412371134,0,20.10309278,0,3.092783505,0,0,0,0,0,0,0,0,0,0,0,0,0,0,0,0.257731959,0.257731959,0,0,0,0,0,0,3.865979381,14.43298969,0,0,0,0,0,0,0,0,0,0,0.257731959,0,0,0,0,3.608247423,2.319587629,0,100,25.77319588,0,9.793814433,1.288659794,0,0,0,0,0
15.676,18291.56259,17.09090909,0,0.606060606,22.18181818,0,0,0.121212121,0.121212121,0.121212121,0.242424242,3.03030303,0.242424242,0,0,0,0.363636364,0,0.242424242,0,0,0,0.242424242,0.727272727,0,0,0.121212121,0,0.242424242,0,0,6.060606061,0,22.18181818,0,3.03030303,0,0.242424242,0,0,0.121212121,0.121212121,0,0,0,0,0,0.363636364,0,0.121212121,0.242424242,0.242424242,0,0,0,0,0,0,0.363636364,3.515151515,13.33333333,0.242424242,0,0.484848485,0,0,0,0.121212121,0,0,0,0.363636364,0,0,0.121212121,0,1.696969697,1.333333333,0,100,36.36363636,0,0,2.666666667,0,0,0,0,0
16.3,19143.98895,14.28571429,0,0.974025974,21.42857143,0,0,0,0.974025974,0,0,3.896103896,0,0,0,0,0,0,0,0,0,0,0,0,0,0,0,0,0.324675325,0,0,5.844155844,0,26.94805195,0,2.922077922,0,0.649350649,0,0,0,0,0,0,0,0,0,0.324675325,0,0,0,0.649350649,0,0,0,0,0,0,0,3.246753247,11.68831169,0,0.324675325,0,0,0,0,0,0,0,0,0.974025974,0,0,0.324675325,0,2.597402597,1.623376623,0,100,32.46753247,0,15.90909091,2.272727273,0,0,0,0,0
16.479,19390.92341,16.88311688,0,1.038961039,19.74025974,0,0,0,0.519480519,0,0,5.454545455,0,0,0,0,0,0,0,0.25974026,0,0,0,0,0,0,0,0,0,0,0.25974026,4.935064935,0,23.37662338,0,2.597402597,0,0.25974026,0,0,0,0,0,0,0,0,0,0,0,0,0,0.25974026,0,0,0,0,0,0,0,2.077922078,14.54545455,0.25974026,0,0,0,0,0,0,0,0,0,1.038961039,0,0,0,0,3.116883117,3.376623377,0,100,51.94805195,0,0,2.857142857,0,0,0,0,0
16.7,19697.27895,16.90821256,0,0.241545894,22.9468599,0,0,0,0.966183575,0,0,3.623188406,0,0,0,0,0,0,0,0,0.241545894,0,0.241545894,1.690821256,0,0,0.241545894,0,0,0,0.241545894,6.280193237,0,21.49758454,0,2.415458937,0,0,0,0,0,0,0,0,0,0,0,0,0,0,0,0,0,0,0.241545894,0,0,0,0,3.623188406,12.56038647,0,0,0.241545894,0.241545894,0,0,0,0,0,0,0,0,0,0,0,2.657004831,2.898550725,0,100,24.15458937,0,11.5942029,1.690821256,0,0,0,0,0
16.779,19807.18775,14.05975395,0,0.878734622,10.72056239,0,0,0.702987698,0.175746924,0,0,4.217926186,0,0,0,0,0,0,0,0.175746924,0,0.175746924,0,0,0,0,0,0,0.175746924,0,0,5.096660808,0,30.05272408,0,5.448154657,0,0.527240773,0,0,0,0,0,0,0,0,0,0.351493849,0,0,0,0.175746924,0,0,0,0,0,0,0,1.757469244,16.69595782,0.702987698,0,0,0,0,0,0,0,0,0,0.175746924,0,0,0,0,2.108963093,5.623901582,0,100,53.07557118,0,0,0,0,0,0,0,0
17.1,20255.93055,18.05929919,0,0.539083558,22.37196766,0,0,0,2.425876011,0,0,4.043126685,0.269541779,0,0,0,0,0,0.269541779,0,0,0.539083558,0,0,0,0,0,0,0.269541779,0,0,4.312668464,0,20.75471698,0,3.234501348,0,0,0,0,0,0,0,0,0,0,0,0,0,0,0,0,0,0,0,0,0,0,0.808625337,6.738544474,8.086253369,0,0,0.539083558,0,0,0.539083558,0,0,0,0,0,0,0,0,0,1.078167116,5.121293801,0,100,109.703504,0,0,0,0,0,0,0,0
17.4,20678.4378,19.14414414,0,0.900900901,20.72072072,0,0,0,0.675675676,0,0,3.603603604,0,0,0,0,0,0,0.225225225,0,0,0,0,0,0,0,0.45045045,0,0,0,0.225225225,5.855855856,0,18.24324324,0,6.531531532,0,0,0,0,0,0,0,0,0,0,0,0.225225225,0,0.225225225,0.225225225,0.45045045,0,0,0.45045045,0,0,0,0,5.630630631,9.90990991,0,0,0.225225225,0.225225225,0,0,0,0,0,0,0,0,0,0,0,3.153153153,2.702702703,0,100,45.04504505,0,0,3.153153153,0,0,0,0,0
17.8,21246.4722,16.10486891,0,0.374531835,17.22846442,0,0,0,0.374531835,0,0.74906367,7.490636704,0,0,0,0.374531835,0,0,0,0,0,0,0,0.374531835,0,0,0,0,0,0,0.374531835,7.490636704,0,23.59550562,0,2.996254682,0,0,0,0.374531835,0,0,0,0,0,0,0,0,0,0,0,0,0,0,0,0,0,0,0,6.367041199,12.35955056,0,0,0,0,0,0,0,0,0,0,0,0,0,0,0,1.872659176,1.498127341,0,100,37.45318352,0,16.10486891,2.247191011,0,0,0,0,0
17.877,21356.43422,14.82889734,0,0.570342205,15.20912548,0,0,0,0.380228137,0,0,3.6121673,0,0,0,0,0,0,0,0.190114068,0,0,0,0.190114068,0,0.190114068,1.140684411,0,0.190114068,0,0,6.463878327,0,21.48288973,0,5.133079848,0,0,0,0,0,0,0,0,0,0,0,0,0,0,0,0.190114068,0,0,0,0,0,0,0.760456274,10.2661597,10.2661597,0,0,0.380228137,0,0,0,0,0,0,0,0.380228137,0,0,0,0,4.372623574,3.802281369,0,100,38.02281369,0,0,2.661596958,0,0,0,0,0
18.163,21766.60403,28.95377129,0,0.243309002,12.40875912,0,0,0,1.216545012,0,0,4.136253041,0,0,0,0,0,0,0,0,0,0,0.486618005,0,0,0,0,0,0.243309002,0,0,4.379562044,0,22.62773723,0,4.136253041,0,0,0,0,0,0,0,0,0,0,0,0,0,0,0,0.243309002,0,0,0,0,0,0,0.243309002,7.299270073,9.245742092,0,0,0,0.486618005,0,0,0,0,0,0,0,0,0,0.486618005,0,0.97323601,2.189781022,0,100,38.44282238,0,0,0,0,0,0,0,0
18.2,21819.8682,23.05389222,0,0,13.17365269,0,0,0,0.299401198,0,0,7.185628743,0,0,0.299401198,0,0,0,0,0,0,0.598802395,0,0,0,0,0.299401198,0,0.299401198,0,0.299401198,3.592814371,0,17.66467066,0,3.592814371,0,0,0,0,0,0,0,0,0,0,0,0,0,0,0.299401198,0.299401198,0,0,0,0,0,0,0.299401198,10.47904192,9.580838323,0.299401198,0,0.598802395,0,0,0,0,0,0,0,0.299401198,0,0,0,0,4.790419162,2.694610778,0,100,14.97005988,0,0,0,0,0,0,0,0
18.521,22283.89628,19.54887218,0,1.002506266,16.54135338,0,0,0,0.501253133,0,0,5.764411028,0.250626566,0,0,0,0,0,0,0,0,0,0.250626566,0,0,0,0.250626566,0,0,0,0.250626566,5.012531328,0,20.55137845,0,2.005012531,0,0,0,0,0,0,0,0,0,0,0,0,0,0,0,0.250626566,0,0,0,0,0,0,1.002506266,8.270676692,13.03258145,0.250626566,0,0,0,0,0,0,0,0,0,0,0,0,0.250626566,0,2.506265664,2.005012531,0,100,29.8245614,0,0,0,0,0,0,0,0
18.671,22501.91558,24.25629291,0,0.686498856,13.72997712,0,0,0,0.915331808,0,0,8.23798627,0,0,0,0,0,0,0,0,0,0.915331808,0,0,0,0,1.14416476,0,0,0,0.228832952,4.347826087,0,25.40045767,0,2.059496568,0,0,0,0,0,0,0,0,0,0,0,0,0,0,0,0,0,0,0,0,0,0,0.457665904,7.780320366,4.347826087,0,0,0.457665904,0.228832952,0,0,0,0,0,0,0.228832952,0,0.457665904,0,0,0.915331808,3.203661327,0,100,115.3318078,0,0,0,0,0,0,0,0
19.2,23276.8152,16.49305556,0,1.041666667,16.49305556,3.298611111,0,0,0.694444444,0,0.173611111,12.15277778,0.347222222,0,0,0.694444444,0,0,0,0,0,0,0.520833333,0.520833333,0,0,1.215277778,0,0.173611111,0,0,4.166666667,0,26.73611111,0,4.166666667,0,0,0,0,0,0,0,0,0.173611111,0,0,0,0,0,0,0,0,0,0,0,0,0,1.041666667,8.506944444,9.201388889,0,0,0.173611111,0.173611111,0,0,0.347222222,0,0,0,0,0,0,0,0,3.645833333,0,0,100,69.44444444,4.861111111,0,3.819444444,0,0,0,0,0
19.381,23544.10417,19.73063973,0,0.336700337,15.35353535,0,0,0,0.336700337,0,0.134680135,3.905723906,0,0,0.067340067,0.067340067,0,0,0,0,0,0,0,0.134680135,0,0,0.942760943,0,0.471380471,0,0,8.552188552,0,23.56902357,0,2.760942761,0,0,0,0,0,0,0,0,0,0,0,0,0,0,0,0.134680135,0.067340067,0,0,0,0,0,0.269360269,3.569023569,13.67003367,0.875420875,0,0.134680135,0.134680135,0,0,0,0,0,0,0.336700337,0,0,0,0,2.693602694,1.750841751,0,100,26.93602694,0,0,1.818181818,0,0,0,0,0
19.8,24167.0682,25.71428571,0,0.879120879,15.6043956,0,0,0,0,0,0,5.934065934,0,0,0,0,0,0,0,0,0,0.21978022,0,0,0,0,0.21978022,0,0,0,0,6.373626374,0,24.3956044,0,2.857142857,0,0,0,0,0,0,0,0,0,0,0,0,0,0,0,0,0,0,0,0,0,0,0,6.153846154,8.571428571,0.21978022,0,0,0.21978022,0,0,0,0,0,0,0,0,0,0,0,1.318681319,1.318681319,0,100,22.41758242,0,0,0,0,0,0,0,0
20.2,24767.2722,22.62090484,0,0.468018721,2.028081123,2.340093604,0,0,0,0.15600624,0.15600624,6.08424337,0,0,0,0,0,0,0.31201248,0,0.15600624,0,0,0,0,0,0.936037441,0,0.15600624,0,0.468018721,4.368174727,0,21.84087363,0,2.808112324,0,0.15600624,0,0,0,0,0,0,0,0,0,0.31201248,0,0,0,0.15600624,0,0,0,0,0,0,0.31201248,6.708268331,10.29641186,0.468018721,0.15600624,0,0,0,0,0,0,0,0,0.31201248,0,0,0,0,0,0,0,100,31.20124805,0,0,2.184087363,0,0,0,0,0
20.224,24803.45494,31.36246787,0,0,15.68123393,0,0,0,0.257069409,0,0,5.141388175,0,0,0,0,0,0,0,0,0,1.028277635,0.257069409,0,0,0,2.05655527,0,0.257069409,0,0.257069409,2.05655527,0,14.6529563,0,2.570694087,0,0,0,0,0,0,0,0,0,0,0,0,0,0,0,0,0,0,0,0.257069409,0,0,0.771208226,10.02570694,7.712082262,0,0,0,0.257069409,0,0,0,0,0,0,0.514138817,0,0,0,0,1.028277635,3.856041131,0,100,51.67095116,0,0,0,0,0,0,0,0
20.5,25220.94375,15.3262519,0,0.151745068,16.99544765,0,0,0.151745068,0.303490137,0.151745068,0.303490137,6.525037936,0,0,0,0,0,0,0.455235205,0.303490137,0,0,0.151745068,0.303490137,0,0,0.91047041,0,0,0,0.606980273,6.373292868,0,20.48558422,0,3.793626707,0,0.151745068,0,0,0,0,0,0,0,0,0,0.151745068,0,0,0,0.303490137,0.151745068,0.151745068,0,0,0,0,0.606980273,3.641881639,13.80880121,0.455235205,0,0.303490137,0.303490137,0,0,0,0,0,0,0.151745068,0,0,0,0,2.579666161,3.945371775,0,100,30.34901366,0,0,2.124430956,0,0,0,0,0
20.9,25830.53055,15.40130152,0,0.21691974,22.99349241,0,0,0,0.867678959,0,0.21691974,12.5813449,0,0,0,0,0,0,0,0,0,0,0,0,0,0,1.301518438,0,0.433839479,0.21691974,0.21691974,2.819956616,0,18.65509761,0,1.952277657,0,0.21691974,0,0,0,0,0,0,0,0,0,0,0,0,0,0,0,0,0,0,0,0,0.433839479,6.724511931,9.761388286,0,0,0,0,0,0,0,0,0,0,0.21691974,0.21691974,0,0.433839479,0,2.386117137,1.735357918,0,100,43.38394794,5.206073753,0,3.036876356,0,0,0,0,0
21.3,26445.47895,27.53303965,0,0.660792952,7.709251101,0,0,0,0,0,0,5.50660793,0,0,0,0,0,0,0,0,0,0.220264317,0.440528634,0,0,0,0.220264317,0,0,0,0,3.083700441,0,30.39647577,0,4.185022026,0,0,0,0,0,0,0,0,0,0,0,0,0,0,0,0,0,0,0,0,0,0,0.881057269,3.744493392,12.11453744,0.220264317,0,0.660792952,0,0,0,0,0,0,0,0.440528634,0,0,0,0,0.220264317,1.762114537,0,100,37.66519824,0,0,0,0,0,0,0,0
21.7,27065.78895,14.01050788,0,0.175131349,15.76182137,0,0,0,0.350262697,0,0.175131349,6.830122592,0,0,0,0,0,0,0,0.175131349,0,0,0,0.700525394,0,0,1.751313485,0,0,0,0.175131349,3.50262697,0,28.8966725,0,3.327495622,0,0.175131349,0,0,0,0,0,0,0,0,0,0,0,0,0,0.175131349,0,0,0,0,0,0,0.525394046,7.355516637,11.9089317,0,0,0.350262697,0,0,0,0,0,0,0,0,0,0,0,0,1.576182137,2.101576182,0,100,35.0262697,0,0,2.276707531,0,0,0,0,0
22,27534.54,29.8245614,0,0.250626566,8.521303258,0,0,0,0.501253133,0,0.501253133,11.02756892,0,0,0,0,0,0,0,0,0,0.751879699,0,0.250626566,0,0,1.253132832,0,0,0.250626566,0,1.253132832,0,26.81704261,0,1.253132832,0,0,0,0,0,0,0,0,0,0,0,0,0,0,0,0,0,0,0,0,0,0,1.002506266,4.010025063,8.521303258,0.250626566,0,0,0,0,0,0,0,0,0,0.250626566,0,0.250626566,0,0,0.751879699,2.506265664,0,100,78.19548872,0,0,0,0,0,0,0,0
22.1,27691.46055,20.95238095,0,0.476190476,14.76190476,0,0,0,0.952380952,0,0,7.857142857,0,0,0,0,0,0,0,0.238095238,0,0,0,0.238095238,0,0,0.714285714,0,0,0,0,2.142857143,0,23.80952381,0,3.80952381,0,0,0,0,0,0,0,0,0,0,0,0,0,0,0,0.238095238,0,0.238095238,0,0,0,0,0.476190476,8.333333333,6.428571429,0.238095238,0.238095238,0.238095238,0,0,0,0,0,0,0,0,0,0,0,0,4.523809524,3.095238095,0,100,48.80952381,3.333333333,0,2.619047619,0,0,0,0,0
22.6,28481.0898,17.43589744,0,0.512820513,11.79487179,0,0,0,0.512820513,0,0,10.25641026,0,0,0,0,0.256410256,0,0,0.512820513,0,1.025641026,0.256410256,0.256410256,0,0,2.051282051,0,0,0,0.512820513,0.769230769,0,24.61538462,0,1.538461538,0,0,0,0,0,0,0,0,0,0,0,0,0,0,0,0,0.256410256,0,0,0,0,0,0.512820513,7.948717949,10.51282051,0,0,0.256410256,0.769230769,0,0,0,0,0,0,0,0,0,0.512820513,0,3.58974359,3.076923077,0,100,76.41025641,0,0,0,0,0,0,0,0
23.1,29279.09655,23.98523985,0,0.553505535,8.487084871,0,0,0,0.184501845,0,0.36900369,9.040590406,0,0,0,0,0,0,1.660516605,0,0,0,0,0.184501845,0,0,1.47601476,0,0,0,0,2.029520295,0,22.1402214,0,4.42804428,0,0,0,0,0,0,0,0,0,0,0,0,0,0,0,0,0,0,0,0,0,0,0.184501845,8.856088561,11.0701107,0,0,0,0.36900369,0,0,0,0,0,0,0.184501845,0,0,0,0,1.660516605,3.136531365,0,100,36.900369,0,0,2.398523985,0,0,0,0,0
24.1,30900.24255,21.84210526,0,0.263157895,9.473684211,0,0,0,0.263157895,0,0.263157895,10,0,0,0,0,0,0,0,0,0,0.263157895,0,0,0,0,1.315789474,0,0,0,0.526315789,2.631578947,0,28.42105263,0,1.315789474,0,0,0,0,0,0,0,0,0,0,0,0,0,0,0,0.526315789,0,0,0,0,0,0,1.052631579,8.157894737,10,0,0,0.526315789,0.263157895,0,0,0,0,0,0,0,0,0,0,0,0.789473684,2.105263158,0,100,64.73684211,0,0,0,0,0,0,0,0
24.9,32221.28655,12.66149871,0,0,12.40310078,0,0,0,1.033591731,0,0.258397933,5.684754522,0,0,0,0,0,0,1.033591731,0.258397933,0.258397933,0,0.516795866,0.516795866,0,0,2.325581395,0,0.775193798,0,0,3.359173127,0,25.83979328,0,3.617571059,0,0,0,0.258397933,0,0,0,0,0,0,0,0,0,0,0,0.258397933,0,0,0.258397933,0,0,0.516795866,1.033591731,9.560723514,11.88630491,0,0,0.258397933,0.775193798,0,0,0,0,0,0,0,0,0,0,0.258397933,2.842377261,1.550387597,0,100,51.67958656,0,0,2.842377261,0,0,0,0,0
25.1,32554.89855,33.58024691,0,0,2.716049383,0,0,0,0.987654321,0,0,3.456790123,0.740740741,0,0,0.24691358,0,0,0,0,0,0.49382716,0,0.24691358,0,0,1.234567901,0,0,0,0,2.962962963,0,17.5308642,0,1.234567901,0,0,0,0,0,0,0,0,0,0,0.24691358,0,0,0,0,0,0,0,0,0,0.24691358,0,3.456790123,9.135802469,12.83950617,0,0,0,0.24691358,0,0,0,0,0,0,0,0,0,0,0,2.962962963,5.185185185,0,100,33.33333333,0,0,0,0,0,0,0,0
25.4,33057.8298,16.06557377,0,0,11.47540984,0,0,0,0,0,0.327868852,6.557377049,0,0,0,0,0,0,0,0,0,0,0,0,0,0,1.967213115,0,0.327868852,0,0,2.62295082,0,26.8852459,0,1.967213115,0.327868852,0,0,0.327868852,0,0,0,0,0,0,0,0,0,0,0,0,0,0,0,0,0,0,0.983606557,10.49180328,11.47540984,0,0,0.655737705,0,0,0,0,0,0,0,0,0,0,0,0,2.295081967,5.245901639,0,100,65.57377049,4.590163934,0,3.93442623,0,0,0,0,0
25.6,33394.7928,20.625,0,0,8.125,0,0,0.3125,0.9375,0,0,9.375,0.3125,0,0,0,0.3125,0,0,0,0,0.9375,0,0.3125,0,0,0.625,0,0.3125,0,0.625,2.5,0,28.125,0,3.125,0,0,0,0,0,0,0,0,0.3125,0,0,0,0,0,0,0,0,0,0,0,0,0,1.25,8.75,6.5625,0,0,0,0,0,0,0,0,0.3125,0,0,0,0,0,0,1.875,4.375,0,100,68.4375,0,0,0,0,0,0,0,0
26.4,34756.0488,15.26946108,0,1.19760479,8.982035928,0,0,0,0,0,0.598802395,10.77844311,0,0,0,0.598802395,0,0,0,0,0,0,0,0.598802395,0,0,2.095808383,0,0,2.095808383,0,0,0,31.43712575,0,3.293413174,0,0,0,0,0,0,0,0,0,0,0.299401198,0,0,0,0,0.598802395,0,0,0,0,0,0,0.598802395,6.886227545,9.580838323,0,0,0,0,0,0,0,0,0,0,0,0,0,0,0,1.497005988,3.592814371,0,100,59.88023952,5.389221557,0,3.592814371,0,0,0,0,0
27.1,34587.885,28.00982801,0,0.245700246,7.371007371,0,0,0.245700246,0.982800983,0,0,9.582309582,0,0,0,0,0,0,0,0,0,0.491400491,0.245700246,0,0,0,0.982800983,0,0.245700246,0.245700246,0.245700246,0.737100737,0,31.6953317,0,0.982800983,0,0,0,0,0,0,0,0,0,0,0,0,0,0,0,0,0,0,0,0,0,0,0.982800983,4.914004914,8.845208845,0.245700246,0,0,0,0,0,0,0,0,0,0.245700246,0,0,0,0,1.228501229,2.457002457,0,100,50.61425061,0,0,0,0,0,0,0,0
27.5,34801.625,17.4366617,0,0.298062593,12.81669151,0,0,0.149031297,0.44709389,0,0.44709389,5.067064083,0,0,0,0,0,0,0,0,0,0,0,0,0,0,0.894187779,0,0,0,0,4.172876304,0,28.46497765,0,2.384500745,0,0,0,0,0,0,0,0,0,0,0,0,0,0,0,0.298062593,0,0,0,0,0.44709389,0,0.596125186,5.514157973,15.79731744,0.298062593,0,0.149031297,0,0,0,0,0,0,0,0,0,0,0,0,2.682563338,1.639344262,0,100,29.80625931,0,0,2.086438152,0,0,0,0,0
28,35068.8,19.12225705,0,0.626959248,5.015673981,0,0,0,0.940438871,0,0,11.91222571,0,0,0,0,0,0,0,0,0,0.313479624,0,0,0,0,2.194357367,0,0,0,0.313479624,2.821316614,0,29.46708464,0.313479624,3.448275862,0,0,0,0,0,0,0,0,0,0,0,0,0,0,0,0,0,0,0,0,0,0,1.253918495,6.269592476,11.28526646,0.313479624,0,0,0.940438871,0,0,0,0,0,0,0,0,0,0.313479624,0,1.253918495,1.880877743,0,100,67.0846395,0,0,0,0,0,0,0,0
28.9,35549.715,15.19434629,0,0.706713781,10.9540636,0,0,0,0.706713781,0,0.706713781,7.597173145,0,0,0,0.176678445,0.530035336,0,0.35335689,0,0,0,0,0.530035336,0,0,0.706713781,0,0.530035336,0,0.176678445,2.826855124,0,26.14840989,0,3.356890459,0,0.35335689,0,0.35335689,0,0,0,0,0,0,0,0,0,0,0,0,0,0,0,0,0,0,0.706713781,9.187279152,10.77738516,0,0,0.35335689,0,0,0,0,0,0,0.176678445,0.530035336,0,0,0.176678445,0,4.06360424,2.120141343,0,100,35.33568905,0,0,2.120141343,0,0,0,0,0
29.2,35710.02,32.86516854,0,0,15.73033708,0,0,0,1.404494382,0,0,6.741573034,0,0,0,0,0,0,0.280898876,0,0,0,0.280898876,0,0,0,0.842696629,0,0,0,0,4.213483146,0,13.76404494,0,1.404494382,0,0,0,0,0,0,0,0,0,0,0,0,0,0,0,0.280898876,0,0,0,0,0,0,0.842696629,5.617977528,12.07865169,0.280898876,0,0,0,0,0,0,0,0,0,0,0,0,0,0,1.966292135,1.404494382,0,100,33.42696629,0,0,0,0,0,0,0,0
29.6,35923.76,35.10638298,0,0,11.34751773,0,0,0,0.709219858,0,0.354609929,1.418439716,0,0,0,0,0,0,0,0,0,0,0,0.709219858,0,0,0,0,0.354609929,0,0,2.127659574,0,17.37588652,0,1.773049645,0,0,0,0,0,0,0,0,0,0,0,0,0,0,0,0,0,0,0,0,0,0,0,4.255319149,18.08510638,0,0,0,0,0,0,0,0,0,0,0,0,0,0,0,3.191489362,3.191489362,0,100,70.92198582,0,0,5.319148936,0,0,0,0,0
29.9,36084.065,18.30985915,0,0,4.225352113,0,0,0,0.469483568,0,0.469483568,6.103286385,0,0,0,0,0,0,0,0,0,0,0,0,0,0,2.816901408,0,0.938967136,0,0,0.938967136,0,23.4741784,0,0.938967136,0,0,0,0,0,0,0,0,0,0,0,0.469483568,0,0,0,0,0,0.469483568,0,0,0,0,0.938967136,14.08450704,18.30985915,0,0,0.938967136,1.408450704,0,0,0,0,0,0,0,0,0,0,0,1.408450704,3.286384977,0,100,98.12206573,0,0,0,0,0,0,0,0
30.3,36297.805,18.69158879,0,0,3.738317757,0,0,0,0.934579439,0,0,1.246105919,0,0,0,0,0,0,0,0,0,0,0,0.31152648,0,0,0,0,0.31152648,0,0,1.246105919,0,28.03738318,0,4.049844237,0,0.62305296,0,0,0,0,0,0,0,0,0,0,0,0,0,0,0,0,0,0,0,0,0.31152648,6.542056075,27.7258567,0,0,0.62305296,0,0,0,0,0.31152648,0,0,0,0,0,0.62305296,0,1.869158879,2.803738318,0,100,62.30529595,0,0,4.049844237,0,0,0,0,0
30.4,36351.24,10.32448378,0,0,10.32448378,0,0,0.294985251,0,0,0.294985251,0,0,0,0,0,0,0,0,0.294985251,0,0,0.294985251,0.294985251,0,0.294985251,0.294985251,0,0,0,0,2.359882006,0,29.49852507,0,1.474926254,0,0,0,0,0,0,0,0,0,0,0,0,0,0,0,0,0,0,0,0,0,0.294985251,0.884955752,8.849557522,23.00884956,0,0,0.589970501,0.294985251,0,0,0,0,0,0,0.884955752,0.294985251,0,0,0,3.83480826,5.014749263,0,100,29.49852507,0,0,2.064896755,0,0,0,0,0
30.9,36618.415,13.30472103,0,0,2.360515021,0,0,0,0.214592275,0,0,3.21888412,0,0,0,0,0,0,0.214592275,0,0,0,0,0,0,0,1.072961373,0,0,0,0,1.931330472,0,20.60085837,0,3.862660944,0,0,0,0,0,0,0,0,0,0,0,0,0,0,0,0,0,0,0,0,0,0,1.716738197,11.58798283,27.89699571,0,0,0.214592275,0.429184549,0,0,0,0,0,0,0,0,0,0,0,7.296137339,4.077253219,0,100,42.91845494,0,0,2.145922747,0,0,0,0,0
31.2,36778.72,9.872611465,0,0.318471338,4.777070064,0,0,0,0.636942675,0,0.636942675,2.866242038,0.318471338,0,0,0,0,0,0,0,0,0,0,0,0,0,0.318471338,0,0,0,0,1.592356688,0,35.66878981,0,4.777070064,0,0,0,0,0,0,0,0,0,0,0,0,0,0,0,0,0,0,0,0,0,0,3.184713376,7.006369427,23.24840764,0,0,0.318471338,0,0,0,0,0,0,0,0,0,0,0,0,1.592356688,2.866242038,0,100,63.69426752,0,0,4.140127389,0,0,0,0,0
31.8,37099.33,10.90225564,0,0,7.142857143,0,0,0,0.751879699,0,0,3.759398496,0,0,0,0,0,0,0,0,0,0,0,0.37593985,0,0,0.37593985,0,0,0,0,1.503759399,0,15.03759399,0,1.879699248,0,0,0,0,0,0,0,0,0,0,0,0,0,0,0,0,0,0,0,0,0,0,0.37593985,7.142857143,40.97744361,0,0,0.37593985,0.37593985,0,0,0,0,0,0,0.37593985,0,0,0,0,4.887218045,3.383458647,0,100,150.3759399,0,0,9.022556391,0,0,0,0,0
32.3,37366.505,13.28903654,0,0,10.63122924,0,0,0,0.664451827,0,0.332225914,2.657807309,0,0,0,0,0,0,0,0,0,0,0,0,0,0,1.328903654,0,0.332225914,0,0.332225914,0.664451827,0,15.94684385,0,2.990033223,0,0,0,0,0,0,0,0,0,0,0.332225914,0.332225914,0,0,0,0.332225914,0,0,0,0,0,0,2.325581395,8.305647841,26.57807309,0,0,0.664451827,0.332225914,0,0,0,0,0,0,0,0,0,0,0,4.651162791,6.976744186,0,100,74.75083056,0,0,0,0,0,0,0,0
32.6,37526.81,13.35311573,0,0,6.528189911,0,0,0,0.59347181,0,0,5.341246291,0,0,0,0.296735905,0,0,0,0,0,0,0,0,0,0,0.59347181,0,0.59347181,0,0,1.483679525,0,11.5727003,0,1.78041543,0,0,0,0,0,0,0,0,0,0,0,0,0,0,0,0,0,0,0,0,0,0,0.59347181,14.83679525,27.59643917,0,0,0.59347181,0,0,0,0,0,0,0,0,0,0,0.296735905,0,3.560830861,10.38575668,0,100,118.694362,5.341246291,0,7.121661721,0,0,0,0,0
33.5,38007.725,10.84598698,0,0,10.62906725,0,0,0,0,0,0,3.687635575,0,0,0.21691974,0,0,0,0,0,0,0,0,0,0,0,1.518438178,0,0,0,0,0.650759219,0,17.57049892,0,0.867678959,0,0,0,0,0,0,0,0,0,0,0,0,0,0,0,0,0,0,0,0,0,0,2.386117137,13.23210412,24.07809111,0,0,0.21691974,0.21691974,0,0,0,0,0,0,0,0,0,0,0,2.386117137,11.4967462,0,100,43.38394794,1.518438178,0,2.386117137,0,0,0,0,0
33.8,38168.03,10.06944444,0,0,4.861111111,0,0,0.347222222,0,0,0,3.298611111,0,0,0,0.173611111,0,0,0,0,0,0,0,0.520833333,0,0,0.694444444,0,0.347222222,0,0.173611111,0.868055556,0,11.63194444,0,1.5625,0,0.173611111,0,0,0,0,0,0,0,0,0,0,0,0,0,0.520833333,0,0.173611111,0,0,0,0,2.777777778,18.92361111,21.875,0,0,0.173611111,0.347222222,0.173611111,0,0,0.173611111,0,0,0,0,0,0,0,5.555555556,4.513888889,0,100,86.80555556,4.6875,0,5.555555556,0,0,0,0,0
35,38809.25,8.588957055,0,0,9.81595092,0,0,0,1.022494888,0,0,2.249488753,0,0,0,0,0,0,0,0,0,0,0,0,0,0,1.840490798,0,0.204498978,0,0,0.204498978,0,17.38241309,0,2.249488753,0,0.204498978,0,0,0,0,0,0,0,0.204498978,0,0,0,0,0,0,0,0,0,0,0,0,4.703476483,17.99591002,21.06339468,0,0,0.204498978,0,0,0,0,0,0,0,0,0,0,0,0,5.112474438,6.952965235,0,100,123.9263804,8.384458078,0,8.793456033,0,0,0,0,0
35.4,39022.99,27.12765957,0,0,1.595744681,0,0,0,0.531914894,0,0,7.978723404,0,0,0,0,0,0,0,0,0,0.531914894,0,0.531914894,0,0,1.595744681,0,1.063829787,0,0,0,0,17.55319149,0,2.659574468,0,0,0,0,0,0,0,0,0,0,0,0,0,0,0,0.531914894,0,0.531914894,0,0,0,0,0,11.17021277,15.42553191,0,0,0,0,0,0,0,0,0,0,0,0,0,0,0,3.723404255,9.042553191,0,100,106.3829787,0,0,0,0,0,0,0,0
35.7,39183.295,11.40350877,0,0,3.947368421,0,0,0,0,0,0,3.947368421,0,0,0,0,0,0.438596491,0,0,0,0.438596491,0,0,0,0,1.315789474,0,0.438596491,0,0,0.877192982,0,28.50877193,0,3.947368421,0,0,0,0,0,0,0,0,0,0,0,0,0,0,0,0,0,0.438596491,0,0,0,0,3.947368421,18.85964912,12.71929825,0,0,0,0.877192982,0,0,0,0,0,0,0,0,0,0,0,5.263157895,6.140350877,0,100,92.98245614,0,0,0,0,0,0,0,0
36.9,39824.515,26.93877551,0,0,1.632653061,0,0,0,0,0,0.816326531,0.816326531,0,0,0,0,0,0,0,0,0,0,0,0,0,0,0.408163265,0,0,0,0,1.224489796,0,25.71428571,0,3.673469388,0,0,0,0,0,0,0,0,0,0,0,0,0,0,0,0,0,0,0,0,0,0,0,8.571428571,13.46938776,0,0,0,0,0,0,0,0.408163265,0,0,0,0,0,0,0,6.93877551,8.979591837,0,100,81.63265306,0,0,0,0,0,0,0,0
37.3,40038.255,9.872611465,0,0,5.095541401,0,0,0,0,0,0,2.866242038,0,0.318471338,0,0,0,0,0.318471338,0,0,0.318471338,0.636942675,0,0,0,1.27388535,0,0,0,0,0.955414013,0,27.70700637,0,3.503184713,0,0.318471338,0,0,0,0,0,0,0,0,0,0,0,0,0,0.318471338,0,0.318471338,0,0,0,0,2.229299363,13.69426752,17.19745223,0,0,0,0.636942675,0,0,0,0,0,0,0,0,0,0,0,5.414012739,7.006369427,0,100,63.69426752,0,0,0,0,0,0,0,0
39.2,41053.52,17.91044776,0,0,4.975124378,0,0,0,0,0,0.497512438,4.47761194,0,0,0,0,0,0,0,0,0,0.497512438,0,0,0,0,0.995024876,0,0,0,0.497512438,1.990049751,0,16.41791045,0,1.990049751,0,0,0,0,0,0,0,0,0,0,0,0.497512438,0,0,0,0,0,0,0,0,0,0,1.492537313,16.41791045,14.92537313,0,0,0,0,0,0,0,0.497512438,0,0,0,0,0,0,0,5.970149254,9.950248756,0,100,49.75124378,0,0,0,0,0,0,0,0
40.7,43149.33,8.258928571,0,0,12.5,0,0,0,0.223214286,0,0,4.241071429,0,0,0,0,0,0,0,0,0,2.008928571,0,0,0,0,2.678571429,0,0.446428571,0,0,0.446428571,0,37.27678571,0,3.571428571,0,0,0,0,0,0,0,0,0,0.446428571,0,0,0,0,0,0.669642857,0,0,0,0,0,0,1.116071429,5.580357143,6.696428571,0,0,0.446428571,0.223214286,0,0,0,0,0,0,0,0,0,0,0,4.6875,8.482142857,0,100,45.08928571,0,16.07142857,0,26.5625,184.8214286,11.83035714,223.2142857,0
43.1,46369.89,9.856262834,0,0,21.14989733,0,0,0.205338809,0.410677618,0,0.205338809,4.517453799,0,0,0,0,0,0,0,0,0,0.205338809,0,0,0,0,0.205338809,0,0,0,0,1.437371663,0,37.37166324,0,4.31211499,0,0.205338809,0,0,0,0,0,0,0,0,0,0,0,0,0,0,0,0,0,0,0,0,0.616016427,0.410677618,6.776180698,0,0,0,0,0,0,0,0,0,0,1.232032854,0,0,0.205338809,0,2.05338809,8.624229979,0,100,58.31622177,0,25.66735113,0,18.48049281,178.6447639,8.213552361,205.338809,0
43.4,46772.46,7.948243993,0,0,29.2051756,0,0,0.184842884,0.184842884,0,0.369685767,4.436229205,0,0,0,0,0,0,0.924214418,0.369685767,0,0,0,0,0,0,0,0,0.184842884,0,0.184842884,1.293900185,0,31.23844732,0,2.033271719,0,0,0,0,0,0,0,0,0,0,0,0,0,0,0,0,0,0,0,0,0,0,0.554528651,3.14232902,12.01478743,0,0,0.184842884,0.184842884,0.554528651,0,0,0,0,0,0,0,0,0,0,2.033271719,2.772643253,0,100,48.42883549,0,25.32347505,0,11.09057301,167.0979667,6.654343808,184.8428835,0
44.1,47711.79,20.37914692,0,0.236966825,17.06161137,0,0,0.236966825,0.947867299,0,0.236966825,1.658767773,0,0,0,0,0,0,0.236966825,0,0,0,0,0,0,0,0,0,0,0,0,1.895734597,0,21.56398104,0,4.265402844,0,0,0,0,0,0,0,0,0,0,0,1.895734597,0,0,0,0,0,0,0,0,0,0,0.236966825,1.421800948,18.2464455,0.236966825,0,0,0.473933649,0,0,0,0,0,0,0,0,0,0,0,4.028436019,4.739336493,0,100,143.1279621,0,46.44549763,0,16.11374408,213.9810427,6.872037915,236.9668246,0
44.5,48248.55,14.47084233,0,0.431965443,20.19438445,0,0,0.107991361,0.431965443,0,0,4.211663067,0,0,0,0,0,0,0,0,0,0,0,0,0,0,0.647948164,0,0,0,0,3.455723542,0,26.99784017,0,2.807775378,0,0,0,0,0,0,0,0,0,0,0,0,0,0,0,0.215982721,0,0,0,0,0,0,0.755939525,4.319654428,13.39092873,0,0,0.431965443,0.431965443,0,0,0,0,0,0,0,0,0,0.215982721,0,3.671706264,2.807775378,0,100,46.4362851,0,20.08639309,0,8.207343413,96.9762419,2.807775378,107.9913607,0
45.3,49322.07,15.61561562,0,0,30.03003003,0,0,0,1.501501502,0,0.3003003,3.603603604,0,0,0,0,0,0,0,0,0,0.3003003,0,0,0,0,0,0,0,0,0,9.009009009,0,17.11711712,0,3.903903904,0,0,0,0,0,0,0,0,0,0,0,0,0,0,0,0,0,0,0,0,0,0,0,3.003003003,9.009009009,0,0,0.600600601,0.600600601,0,0,0,0,0,0,0,0,0,0,0,1.801801802,3.603603604,0,100,60.06006006,0,33.63363363,0,19.81981982,267.8678679,12.61261261,300.3003003,0
46,50261.4,15.61461794,0,0,24.75083056,0,0,0,0,0,0.664451827,5.481727575,0,0,0,0,0,0,0,0,0.332225914,0,0,0,0,0,0.332225914,0,0,0,0.166112957,4.817275748,0,20.7641196,0,2.491694352,0,0,0,0,0,0,0,0,0,0,0,0.166112957,0,0,0,0,0,0,0,0,0,0,0.332225914,4.318936877,12.12624585,0.664451827,0,0.166112957,0.166112957,0,0,0,0,0,0,0.332225914,0,0,0.166112957,0,2.159468439,3.65448505,0,100,52.65780731,0,22.42524917,0,14.95016611,143.1893688,7.973421927,166.1129568,0
46.8,51334.92,21.96836555,0,0.175746924,11.07205624,0,0,0,0.527240773,0,0.175746924,4.217926186,0,0,0,0,0,0,0,0,0,0.175746924,0.175746924,0,0,0,0.351493849,0,0,0,0.175746924,2.108963093,0,20.91388401,0,2.108963093,0,0.175746924,0,0,0,0,0,0,0,0.175746924,0,0,0,0,0,0,0,0,0,0,0,0,0.878734622,9.666080844,15.28998243,0,0,0.702987698,0,0,0,0,0,0,0,0,0,0,0,0,5.799648506,3.16344464,0,100,39.36731107,0,15.1142355,0,13.35676626,157.2934974,5.096660808,175.7469244,0
48.1,53079.39,15.37610619,0,0.442477876,19.80088496,0,0,0.110619469,0.774336283,0,0.110619469,5.088495575,0,0,0,0,0,0,0,0.221238938,0,0.221238938,0,0,0,0,0,0,0,0,0.110619469,5.64159292,0,21.12831858,0,1.438053097,0,0,0,0,0,0,0,0,0,0,0,0,0,0,0,0,0,0,0,0,0,0,0.995575221,8.407079646,13.16371681,0.221238938,0,0.774336283,0,0.110619469,0,0,0,0,0,0.110619469,0,0,1.10619469,0,2.32300885,2.32300885,0,100,79.97787611,0,22.78761062,0,10.95132743,96.46017699,3.207964602,110.619469,0
48.4,53481.96,19.79949875,0,0.501253133,17.29323308,0,0,0,0.501253133,0,0.250626566,3.50877193,0,0,0,0,0,0,0,0,0,0.501253133,0,0,0,0,0,0,0.250626566,0,0.751879699,4.511278195,0,19.29824561,0,3.50877193,0,0,0,0,0,0,0,0,0,0,0,0.250626566,0,0,0,0,0,0,0,0,0,0,0.751879699,10.02506266,9.77443609,0,0,0.501253133,0,0,0,0,0,0,0,0,0,0,0.250626566,0,4.511278195,3.258145363,0,100,62.6566416,0,13.28320802,0,22.30576441,218.2957393,10.02506266,250.6265664,0
48.5,53616.15,7.006369427,0,0,9.872611465,0,0,0,0.955414013,0,0,8.280254777,0,0,0,0,0,0,0,0,0,0,0,0,0,0,0,0,1.27388535,0,0,1.592356688,0.636942675,25.47770701,0,2.866242038,0,0,0,0,0,0,0,0,0,0,0,0,0,0,0,0,0,0.318471338,0,0,0,0,3.184713376,1.27388535,24.20382166,0,0,0,0,0,0,0,0,0,0,0.318471338,0,0,0,0,2.866242038,6.687898089,0,100,128.6624204,0,41.08280255,0,34.07643312,273.2484076,11.14649682,318.4713376,0
48.9,54152.91,3.833865815,0,0.319488818,5.750798722,0,0,0,0.638977636,0,0,5.750798722,0,0,0,0,0,0,0.319488818,0,0,0,0,0.319488818,0,0,0.958466454,0,0.638977636,0,0,0.319488818,0,25.87859425,0,3.514376997,0,0,0,0,0,0,0,0,0,0,0,0,0,0,0,0,0,0,0,0,0,0,6.07028754,0.638977636,37.06070288,0,0,0,0,0,0,0,0,0,0,0,0,0,0,0,1.597444089,6.389776358,0,100,159.7444089,0,41.21405751,0,32.58785942,264.2172524,22.68370607,319.4888179,0
49,54287.1,7.788161994,0,0,5.607476636,0,0,0,0.62305296,0,0,12.46105919,0,0,0,0,0,0,0,0,0,0,0,0.31152648,0,0,1.557632399,0,1.246105919,0,0,0.62305296,0,21.4953271,0,1.869158879,0,0,0,0,0,0,0,0,0.31152648,0,0,0,0,0,0,0,0,0,0,0,0,0,4.672897196,2.180685358,23.36448598,0,0,0.31152648,1.246105919,0,0,0,0,0,0,0,0,0.31152648,0,0,4.049844237,9.345794393,0,100,191.2772586,0,54.82866044,0,32.71028037,265.7320872,13.08411215,311.5264798,0
49.4,54823.86,14.12639405,0,0,8.921933086,0,0,0,1.115241636,0,0.371747212,8.921933086,0.371747212,0,0,0,0.371747212,0,0,0,0,0.371747212,0,0,0,0,0.371747212,0,0,0,0,2.973977695,0,27.13754647,0,3.345724907,0,0,0,0,0,0,0,0,0,0,0,0,0,0,0,0,0,0,0,0,0,0,0.371747212,4.089219331,16.72862454,0.371747212,0,0.743494424,0,0.371747212,0,0,0,0,0,0,0,0,0.371747212,0,5.576208178,2.973977695,0,100,74.34944238,0,26.02230483,0,38.28996283,319.7026022,17.47211896,371.7472119,0
50.9,56836.71,3.621169916,0,0,19.49860724,0,0,0,0.557103064,0,0.278551532,14.20612813,0,0,0,0,0,0,0,0,0,0.557103064,0.278551532,0,0,0,1.671309192,0,0,0,0.278551532,5.571030641,0,30.36211699,0,3.342618384,0,0,0,0,0,0,0,0,0,0,0,0,0,0,0,0.278551532,0,0,0,0,0,0,1.39275766,1.114206128,9.749303621,0,0,0.278551532,0.278551532,0,0,0,0,0,0,0.835654596,0,0,0,0,1.949860724,3.899721448,0,100,42.6183844,0,15.87743733,0,33.98328691,231.1977716,13.37047354,278.551532,0
52.4,58849.56,10.3030303,0,0.606060606,25.45454545,0,0,0,0,0,0.606060606,7.878787879,0,0,0,0,0,0,0,0,0.606060606,0.606060606,0,0,0,0,1.212121212,0,0,0,0,4.848484848,0,21.21212121,0,4.242424242,0,0,0,0,0,0,0,0,0,0,0,0,0,0,0,0,0,0,0,0,0,0,0,1.818181818,12.72727273,0,0,0,0,0,0,0,0,0,0,0,0,0,0,0,1.212121212,4.848484848,0,100,50.90909091,0,13.93939394,0,51.51515152,528.4848485,26.06060606,606.0606061,0
53.9,60862.41,4.285714286,0,0,18.92857143,0,0,0,1.071428571,0,0,21.07142857,0,0,0,0,0,0,0,0.714285714,0,0,0.357142857,0,0,0,0.714285714,0,0,0,0,6.785714286,0,19.28571429,0,6.071428571,0,0,0,0,0.357142857,0,0,0,0,0,0,0.357142857,0,0,0,0,0,0,0,0,0,0,1.071428571,1.785714286,11.42857143,0,0,0,0,0,0,0,0,0,0,0,0,0,0,0,1.428571429,4.285714286,0,100,125,0,31.42857143,0,40.35714286,306.0714286,10.71428571,357.1428571,0
57.4,65559.06,10.2844639,0,0.875273523,21.88183807,0,0,0,0.875273523,0,0.437636761,7.221006565,0,0,0,0,0,0,0.218818381,0,0,0.656455142,0,0,0,0,1.094091904,0,0,0,0.437636761,7.221006565,0,28.88402626,0,2.188183807,0,0,0,0,0,0,0,0,0,0,0,0,0,0,0,0,0,0.218818381,0,0,0,0,0.656455142,2.407002188,9.846827133,0,0,0,0.218818381,0,0,0,0,0,0,0.218818381,0,0,0.218818381,0,0.656455142,2.407002188,0,100,33.04157549,0,10.2844639,0,21.44420131,190.1531729,7.221006565,218.8183807,0
60.4,69584.76,1.84501845,0,0,6.273062731,0,0,0,0.36900369,0,0,11.0701107,0,0,0,0,0,0,0,0,0,0,0,0,0,0,0,0,0.73800738,0,0,4.05904059,0,26.56826568,0,4.05904059,0,0,0,0,0,0,0,0,0,0,0,0,0,0,0,0,0,0,0,0,0,0,4.42804428,1.47601476,25.8302583,0,0,0,0,0,0,0,0,0,0,0,0,0,0.36900369,0,2.21402214,7.749077491,0,100,221.402214,0,75.27675277,0,59.04059041,290.0369004,19.92619926,369.00369,0
61.9,71597.61,3.819444444,0,0,4.166666667,0,0,0,0.694444444,0,1.041666667,9.722222222,0,0,0,0,0,0,0.347222222,0,0,0.347222222,0,0,0,0,0,0,0,0,0,0.694444444,0,44.79166667,0,3.125,0,0,0,0,0,0,0,0,0,0,0,0.347222222,0,0,0,0,0,0,0,0,0,0,2.083333333,3.472222222,15.625,0,0,0,0.694444444,0,0,0,0,0,0,0,0,0,0,0,3.472222222,5.555555556,0,100,138.8888889,0,48.26388889,0,37.5,255.9027778,53.81944444,347.2222222,0
63.3,73476.27,4.347826087,0,0,6.086956522,0,0,0.434782609,0,0,0,7.391304348,0,0,0,0,0,0,0,0,0,0.434782609,0,0,0,0,0.434782609,0,0,0,0,1.739130435,0,38.26086957,0,4.347826087,0,0,0,0,0,0,0,0,0,0,0,0,0,0,0.434782609,0,0,0,0,0,0,0,0.434782609,3.043478261,21.73913043,0,0,0,0,0,0,0,0,0,0,0,0,0,0,0,0.869565217,10,0,100,267.826087,0,51.30434783,0,54.34782609,364.7826087,15.65217391,434.7826087,0
64.6,75220.74,5.30726257,0,0,6.703910615,0,0,0,0.837988827,0,0,5.027932961,0,0,0,0,0,0,0,0,0,0,0,0,0,0,0.837988827,0,0,0,0,2.234636872,0,44.13407821,0,3.910614525,0,0.279329609,0,0,0,0,0,0,0,0,0,0,0,0,0,0,0,0,0,0,0,0,1.396648045,2.51396648,19.83240223,0,0,0,0.279329609,0,0,0,0,0,0,0,0,0,0,0,1.396648045,3.910614525,0,100,97.76536313,0,32.96089385,0,30.72625698,213.4078212,35.19553073,279.3296089,0
65.3,76160.07,6.451612903,0,0,5.483870968,0,0,0,0.322580645,0,0,5.806451613,0,0,0,0,0,0,0,0.322580645,0,0.64516129,0,0,0,0,0,0,0,0,0.322580645,0.967741935,0,16.4516129,0,2.258064516,0,0,0,0,0,0,0,0,0,0.322580645,0,0,0,0,0,0,0,0,0,0,0,0,4.193548387,4.516129032,36.4516129,0,0,0,0.322580645,0.322580645,0,0,0,0,0,0,0,0,0,0,2.258064516,12.90322581,0,100,463.2258065,0,127.0967742,0,78.38709677,225.8064516,18.38709677,322.5806452,0
66.8,78172.92,7.301587302,0,0,12.38095238,0,0,0,0.952380952,0,0,4.761904762,0,0,0,0,0,0,0,0.317460317,0,0,0.317460317,0,0,0,1.904761905,0,0.634920635,0,0,0.317460317,0,28.25396825,0,4.126984127,0,0.317460317,0,0,0,0,0,0,0,0,0,0,0,0,0,0.317460317,0,0,0,0,0,0,0.952380952,6.984126984,19.36507937,0,0,0,0.952380952,0.317460317,0,0,0,0,0,0.317460317,0,0,0.317460317,0,4.126984127,4.444444444,0,100,93.65079365,0,38.0952381,0,38.41269841,263.1746032,15.87301587,317.4603175,0
68.3,80185.77,6.418219462,0,0,16.97722567,0,0,0,0.207039337,0,0,9.316770186,0,0,0,0,0,0.207039337,0,0,0,0.414078675,0,0,0,0,1.6563147,0,0.82815735,0,0,1.242236025,0,21.5320911,0,3.105590062,0,0,0,0,0,0,0,0,0,0.207039337,0,0,0,0,0,0,0,0,0,0,0,0,2.898550725,4.968944099,16.97722567,0.207039337,0,0.207039337,0.621118012,0.207039337,0,0,0,0,0,0,0,0,0.207039337,0,3.933747412,7.660455487,0,100,291.0973085,0,81.36645963,0,38.50931677,157.3498965,11.18012422,207.0393375,0
69.8,82198.62,12.38738739,0,0.225225225,22.07207207,0,0,0,0.225225225,0,0.45045045,6.306306306,0,0,0,0,0,0,0,0,0,1.126126126,0,0,0,0,0,0,0,0,0.225225225,1.576576577,0,37.38738739,0,2.477477477,0,0,0,0,0,0,0,0,0,0,0,0,0,0,0.225225225,0,0,0,0.225225225,0,0,0,0.225225225,2.027027027,6.306306306,0.45045045,0,0,0.45045045,0.225225225,0,0,0,0,0,0.225225225,0,0,0,0,1.801801802,3.378378378,0,100,25.22522523,0,9.459459459,0,25.22522523,189.4144144,10.58558559,225.2252252,0
71.4,84345.66,11.67747915,0,0,31.51065802,0,0,0.092678406,0.556070436,0,0.370713624,5.653382762,0,0,0,0,0,0,0.092678406,0.185356812,0,0.092678406,0,0,0,0,0.092678406,0,0.185356812,0,0,6.672845227,0,21.22335496,0,2.96570899,0,0,0,0,0,0,0,0,0,0,0,0,0,0,0,0.185356812,0,0,0,0,0,0,0.370713624,1.297497683,11.30676552,0.278035218,0,0.185356812,0,0,0,0,0,0,0,0.46339203,0,0,0,0,1.853568119,2.687673772,0,100,30.95458758,0,16.77479147,0,9.823911029,79.24003707,3.614457831,92.67840593,0
72.8,86224.32,13.49480969,0,0,13.14878893,0,0,0,0.692041522,0,0,4.152249135,0,0,0,0,0,0,0,0,0,0,0,0,0,0,0,0,0.346020761,0,0,2.422145329,0,22.49134948,0,1.384083045,0,0,0,0,0,0,0,0,0,0,0,0,0,0,0,0,0,0,0,0,0,0,2.422145329,7.958477509,21.79930796,0,0,0.346020761,0.692041522,0.346020761,0,0,0,0,0,0.346020761,0,0,0,0,1.730103806,4.498269896,0,100,173.0103806,0,61.93771626,0,31.83391003,297.9238754,16.26297578,346.0207612,0
74.8,88908.12,2.608695652,0,0,6.956521739,0,0,0.869565217,0,0,0,12.60869565,0,0,0,0,0,0.434782609,0,0,0,0,0,0,0,0,0.869565217,0,0.869565217,0,0,0,0,14.7826087,0,3.913043478,0,0,0,0,0,0,0,0,0,0,0,0,0.434782609,0,0,0.434782609,0,0.434782609,0,0,0,0,3.913043478,6.52173913,26.95652174,0,0,0,0,0.434782609,0,0,0,0,0,0,0,0,0,0,5.217391304,9.130434783,0,100,392.6086957,0,100.8695652,0,45.2173913,373.0434783,16.52173913,434.7826087,0
76.3,90920.97,3.982300885,0,0,4.867256637,0,0,0,0,0,0,11.50442478,0,0,0,0,0,0,0,0,0,0.442477876,0,0,0,0,0,0,0.442477876,0,0,1.327433628,0,17.69911504,0,3.097345133,0,0,0,0,0,0,0,0,0,0,0,0,0,0,0,0,0,0,0,0,0,0,6.637168142,3.982300885,32.74336283,0,0,0,0,0,0,0,0,0,0,0,0,0,0,0,3.982300885,9.292035398,0,100,565.0442478,0,121.2389381,0,52.65486726,372.5663717,17.25663717,442.4778761,0
77.8,92933.82,6.451612903,0,0,7.88530466,0,0,0,0.358422939,0,0,8.960573477,0,0,0,0,0,0,0.358422939,0,0,0,0,0.358422939,0,0,0.716845878,0,0.358422939,0,0,1.433691756,0,23.29749104,0,1.433691756,0,0,0,0,0,0,0.358422939,0,0,0,0,0,0,0,0,0,0,0,0,0,0,0,5.017921147,8.243727599,21.50537634,0,0,0.358422939,0,0.358422939,0,0,0,0,0,0,0,0,0,0,3.584229391,7.52688172,0,100,144.4444444,0,40.50179211,0,36.20071685,308.9605735,13.26164875,358.4229391,0
79.3,94946.67,4.096385542,0,0.240963855,12.04819277,0,0,0,0.481927711,0,0,8.674698795,0.240963855,0,0,0,0,0,0,0.240963855,0,0.240963855,0,0,0,0,1.204819277,0,0,0,0.240963855,1.927710843,0,35.18072289,0,2.65060241,0,0,0,0,0,0,0,0,0,0,0,0,0,0,0,0,0,0,0,0,0,0,1.445783133,4.819277108,13.97590361,0,0,0,0,0,0,0,0,0,0,0.240963855,0,0,0,0,3.373493976,8.674698795,0,100,220.9638554,0,65.30120482,0,75.42168675,157.5903614,7.951807229,240.9638554,0
80.9,97093.71,5.048859935,0,0,12.70358306,0,0,0,0,0,0,6.351791531,0,0,0,0,0,0,0,0.16286645,0,0.651465798,0,0,0,0,0.488599349,0,0,0,0,1.791530945,0,40.87947883,0,1.791530945,0,0.16286645,0,0.16286645,0,0,0.16286645,0,0,0,0,0,0,0,0,0,0,0,0,0,0,0,2.117263844,5.863192182,16.28664495,0,0,0,0.16286645,0,0,0,0,0,0,0,0,0,0.16286645,0,1.140065147,3.908794788,0,100,98.53420195,0,25.73289902,0,17.26384365,138.9250814,6.67752443,162.8664495,0
84.3,101656.17,4.724409449,0,0,12.5984252,0,0,0,0,0,0,11.81102362,0,0,0,0,0,0,0,0,0,0,0,0,0,0,0.787401575,0,0,0,0,2.755905512,0,23.62204724,0,4.330708661,0,0,0,0,0,0,0,0,0,0,0,0,0,0,0,0,0,0,0,0,0,0,1.57480315,3.937007874,20.07874016,0,0,0,0,0.787401575,0,0,0,0,0,0,0,0,0,0,3.149606299,9.842519685,0,100,134.2519685,0,34.64566929,0,44.88188976,334.2519685,14.56692913,393.7007874,0
85.8,103669.02,5.684754522,0,0,13.95348837,0,0,0,0,0,0,8.010335917,0,0,0,0,0,0.516795866,0,0,0,0.775193798,0,0,0,0,1.291989664,0,1.291989664,0,0.258397933,0.775193798,0,29.97416021,0,2.583979328,0,0,0,0,0,0,0,0,0,0,0,0,0,0,0,0,0,0,0,0,0,0,1.80878553,5.684754522,20.41343669,0,0,0,0.258397933,0.516795866,0,0,0,0,0,0,0,0,0,0,3.359173127,4.134366925,0,100,155.0387597,0,44.44444444,0,26.35658915,222.4806202,9.560723514,258.3979328,0
87.3,105681.87,6.681034483,0,0.215517241,20.25862069,0,0,0,0,0,0.431034483,10.56034483,0,0,0,0,0,0,0,0,0,0.215517241,0,0,0,0,0.431034483,0,0.431034483,0,0,2.801724138,0,23.27586207,0,4.310344828,0,0,0.215517241,0.431034483,0,0,0,0,0,0,0,0.215517241,0.215517241,0,0,0,0,0,0,0,0,0,2.370689655,3.232758621,13.57758621,0,0,0.215517241,0.215517241,0,0,0,0,0,0,0.431034483,0,0,0,0,3.232758621,6.034482759,0,100,117.6724138,0,32.97413793,0,51.50862069,156.0344828,7.974137931,215.5172414,0
88.8,107694.72,13.87559809,0,0,24.88038278,0,0,0.23923445,0,0,0.23923445,11.00478469,0,0,0,0,0,0,0,0,0,0,0,0,0,0,0.23923445,0,0,0,0.23923445,3.110047847,0,15.07177033,0,2.870813397,0,0,0,0.23923445,0,0,0,0,0,0,0,0.4784689,0,0,0,0,0,0,0,0,0,0,0.956937799,1.674641148,17.22488038,0,0,0,0,0.4784689,0,0,0,0,0,0.956937799,0,0,0.23923445,0,1.435406699,4.545454545,0,100,85.16746411,0,31.10047847,0,22.00956938,210.5263158,6.698564593,239.2344498,0
90.6,110110.14,4.392764858,0,0,21.70542636,0,0,0,1.033591731,0,0,4.392764858,0,0,0,0,0,0,0,0,0,0.258397933,0,0,0,0,1.033591731,0,1.033591731,0,0,1.80878553,0,36.69250646,0,3.617571059,0,0,0,0,0,0,0,0,0,0,0,0,0,0,0,0,0,0,0,0,0,0,0,3.359173127,12.66149871,0.258397933,0,0.258397933,0,0,0,0,0,0,0,0.258397933,0,0,0,0,4.651162791,2.583979328,0,100,109.0439276,0,31.5245478,0,26.87338501,216.5374677,14.9870801,258.3979328,0
91.7,111586.23,4.62962963,0,0,17.82407407,0,0,0,0.231481481,0,0,5.092592593,0,0,0,0,0,0,0,0.231481481,0,0.231481481,0.231481481,0,0,0,0.462962963,0,0.231481481,0,0,1.62037037,0,33.7962963,0,4.62962963,0,0,0,0,0,0,0,0,0,0,0,0,0,0,0,0,0,0,0,0,0,0,3.703703704,3.472222222,17.59259259,0,0,0,0,0.231481481,0,0,0,0,0,0,0,0,0,0,1.62037037,4.166666667,0,100,137.037037,0,38.42592593,0,26.85185185,192.5925926,12.03703704,231.4814815,0
93.3,113733.27,10.16260163,0,0,13.82113821,0,0,0,0,0,0.406504065,3.658536585,0,0,0,0,0,0,0,0,0,0.406504065,0,0,0,0,0,0,0.406504065,0,0,1.219512195,0,39.43089431,0,3.658536585,0,0,0,0,0,0,0,0,0,0,0,0,0,0,0,0,0,0,0,0,0,0,1.219512195,3.25203252,15.04065041,0,0,0,0,0.406504065,0,0,0,0,0,0.81300813,0,0,0,0,4.06504065,2.032520325,0,100,121.9512195,0,40.6504065,0,38.61788618,348.3739837,19.51219512,406.504065,0
95.3,116417.07,10.50420168,0,0.280112045,11.62464986,0,0,0,0,0,0.140056022,4.62184874,0,0,0,0,0,0,0,0,0,0.56022409,0,0,0,0,0.140056022,0,0,0,0.420168067,2.380952381,0,31.93277311,0,2.661064426,0,0,0,0,0,0,0,0,0,0,0,0,0,0,0,0,0,0,0,0,0,0,0.700280112,6.582633053,20.44817927,0,0,0.700280112,0.140056022,0.280112045,0,0,0,0,0,0,0,0,0,0,2.380952381,3.081232493,0,100,84.17366947,0,29.27170868,0,13.16526611,122.1288515,4.761904762,140.0560224,0
96.6,118161.54,8.115183246,0,0,14.92146597,0,0,0,0.785340314,0,0.523560209,15.44502618,0,0,0,0,0.261780105,0,0,0,0,0,0,0,0,0,0,0,0.785340314,0,0.261780105,2.617801047,0,17.53926702,0,5.235602094,0,0.261780105,0,0,0,0,0,0,0,0,0,0,0,0,0,0,0,0,0.261780105,0,0,0,1.832460733,2.356020942,21.72774869,0,0,0.261780105,0.261780105,0,0,0,0,0,0,0.523560209,0,0,0,0,1.832460733,4.188481675,0,100,124.3455497,0,44.5026178,0,27.48691099,225.6544503,8.638743456,261.7801047,0
98.1,120174.39,13,0,0,15,0,0,0,0.333333333,0,0.666666667,3,0,0,0,0,0,0,0,0,0,0.666666667,0,0,0,0,0,0,0,0,0,0.333333333,0,29.33333333,0,2,0,0,0,0,0,0,0,0,0,0,0,0,0,0,0,0,0,0,0,0,0,0,1.666666667,7,19.66666667,0,0,0.666666667,0,0,0,0,0,0,0,0,0,0,0.333333333,0,2.333333333,3.666666667,0,100,66.66666667,0,23,0,33.33333333,289,11,333.3333333,0
103.3,127152.27,7.5,0,0,20.25,0,0,0,0.5,0,0,16.25,0,0,0,0,0,0,0,0,0,0.25,0,0,0,0,0,0,0,0,0,1.5,0,16.75,0,4.25,0,0.25,0,0,0,0,0,0,0,0,0,0,0,0,0,0,0,0,0,0,0,0,0.75,5,20.75,0,0,0,0,0,0,0,0,0,0,0,0,0,0.5,0,2,3.5,0,100,245.25,0,59.5,0,24.5,219,6.5,250,0
104.6,128896.74,9.316770186,0,0,16.14906832,0,0,0,0.310559006,0,0,14.9068323,0,0,0,0,0,0,0,0,0,0,0,0,0,0,0.310559006,0,0,0,0,1.863354037,0,31.67701863,0,1.552795031,0,0,0,0,0,0,0,0,0,0,0,0.310559006,0,0,0,0,0,0,0,0,0,0,3.416149068,2.48447205,13.66459627,0,0,0.310559006,0,0,0,0,0,0,0,0,0,0,0,0,1.242236025,2.48447205,0,100,93.16770186,0,26.70807453,0,32.60869565,267.0807453,10.86956522,310.5590062,0
106.3,131177.97,8.771929825,0,0,10.1754386,0,0,0.350877193,0.350877193,0,0,12.98245614,0,0,0,0,0,0,0,0,0,0,0,0.350877193,0.350877193,0,0,0,0.350877193,0,0,2.105263158,0,13.33333333,0,2.807017544,0,0.350877193,0,0,0,0,0,0,0,0,0,0,0,0,0.350877193,0,0,0,0,0,0,0,2.807017544,4.912280702,27.01754386,0,0,0,0.350877193,0,0,0,0,0,0,0.350877193,0,0,0,0,3.859649123,8.070175439,0,100,432.9824561,0,98.24561404,0,48.42105263,289.122807,13.33333333,350.877193,0
107.8,133190.82,11.38211382,0,0,14.22764228,0,0,0,0,0,0,6.504065041,0,0,0,0,0,0,0,0,0,0,0,0,0,0,0,0,0.406504065,0,0,2.43902439,0,20.32520325,0,2.032520325,0,0,0,0,0,0,0,0,0,0,0,0,0,0,0,0,0,0,0,0,0,0,2.845528455,4.06504065,24.3902439,0,0,0.406504065,0,0,0,0,0,0,0,0,0,0,0,0,2.845528455,8.130081301,0,100,248.3739837,0,65.44715447,0,51.62601626,340.6504065,14.22764228,406.504065,0
109.3,135203.67,6.688963211,0,0,9.030100334,0,0,0,0.334448161,0,0,6.02006689,0,0,0,0,0.334448161,0,0,0,0,0.334448161,0.668896321,0,0,0,0,0,0.334448161,0,0,1.672240803,0,16.38795987,0,3.344481605,0,0,0,0,0,0,0,0,0,0,0,0,0,0,0,0,0,0,0,0,0,0,2.006688963,4.682274247,32.44147157,0,0,0,0.334448161,0.668896321,0,0,0,0,0,0.668896321,0,0,0,0,4.682274247,9.364548495,0,100,183.9464883,0,58.86287625,0,37.79264214,285.6187291,11.0367893,334.4481605,0
112,138826.8,17.84232365,0,0,9.543568465,0,0,0,1.244813278,0,0,4.979253112,0,0,0,0,0,0,0,0,0,0,0,0.414937759,0,0,0,0,0,0,0,0.414937759,0,31.12033195,0,2.074688797,0,0,0,0,0,0,0,0,0,0,0,0,0,0,0,0,0,0,0,0,0,0,0.414937759,2.904564315,21.57676349,0,0,0,0,0,0,0,0,0,0,0,0,0,0.414937759,0,1.659751037,5.809128631,0.414937759,100,104.1493776,0,29.87551867,0,51.45228216,347.7178423,15.76763485,414.9377593,0
112.8,139900.32,11.5942029,0,0,18.42650104,0,0,0,0.414078675,0,0.414078675,5.383022774,0,0,0,0,0,0,0,0.207039337,0,0.207039337,0,0,0,0,0,0,0,0,0.207039337,1.863354037,0,19.46169772,0,3.933747412,0,0.414078675,0,0,0,0,0,0,0,0,0,0.207039337,0,0,0,0,0,0,0,0,0,0,3.105590062,3.3126294,23.39544513,0,0,0,0.414078675,0.207039337,0,0,0,0,0,0.207039337,0,0,0,0,2.898550725,3.726708075,0,100,109.9378882,0,37.47412008,0,22.36024845,175.7763975,8.902691511,207.0393375,0
114.3,141913.17,14.01869159,0,0,10.28037383,0,0,0,1.401869159,0,0.46728972,5.607476636,0,0,0,0,0,0,0,0,0,0,0,0,0,0,0.46728972,0,0,0,0,0.934579439,0,31.77570093,0,2.336448598,0,0,0,0,0,0,0,0,0,0,0,0,0,0,0,0,0,0,0,0,0,0,3.271028037,3.271028037,17.28971963,0,0,0.46728972,0,0,0,0,0,0,0,0,0,0,0,0,1.869158879,5.607476636,0,100,233.6448598,0,67.28971963,0,62.14953271,391.1214953,14.01869159,467.2897196,0
116.5,144865.35,8.777429467,0,0,8.150470219,0,0,0,0.313479624,0,0,15.36050157,0,0,0,0,0,0,0,0,0,0.626959248,0,0,0,0,0.313479624,0,0,0,0.313479624,0.626959248,0,22.57053292,0,5.329153605,0,0,0,0,0,0,0,0,0,0.313479624,0,0.940438871,0,0,0,0,0,0,0.313479624,0,0.313479624,0,3.134796238,2.194357367,21.63009404,0,0,0,0.313479624,0,0,0,0,0,0,0,0,0,0,0,2.821316614,5.642633229,0,100,208.7774295,0,70.21943574,0,33.22884013,268.0250784,12.22570533,313.4796238,0
123.8,154661.22,17.6,0,0,10.4,0,0,0,0.4,0,0,3.2,0,0,0,0,0,0,0,0,0,0,0,0,0,0,0,0,0,0,0,0.4,0,44,0,2,0,0,0,0,0,0,0,0,0,0,0,0.4,0,0,0,0,0,0,0,0,0,0,0,2,13.2,0,0,0.4,0,0.8,0,0,0,0,0,0,0,0,0,0,1.6,3.6,0,100,123.6,0,36,0,56,328,16,400,0
125.3,156674.07,16.04278075,0,0,8.823529412,0,0,0,0.267379679,0,0.267379679,2.673796791,0,0,0,0,0,0,0,0,0,0.267379679,0,0,0,0,0,0,0.267379679,0,0,0.534759358,0,45.45454545,0,5.080213904,0,0,0,0,0,0,0,0,0,0,0,0,0,0,0,0,0,0,0,0,0,0,0.534759358,1.604278075,13.36898396,0,0,0,0,0,0,0,0,0,0,0,0,0,0,0,1.604278075,2.139037433,0,100,80.7486631,0,26.20320856,0,33.68983957,224.3315508,9.35828877,267.3796791,0
127.1,159089.49,5.292479109,0,0.278551532,27.01949861,0,0,0.278551532,1.671309192,0,0.278551532,10.30640669,0,0,0,0,0,0,0,0.835654596,0,0.557103064,0,0,0,0,0,0,0.278551532,0,0,5.849582173,0,30.36211699,0,1.39275766,0,0,0,0,0,0,0,0,0,0,0.278551532,0,0,0,0,0,0,0,0,0,0,0,1.114206128,0.557103064,8.077994429,0,0,0,0,0.278551532,0,0,0,0,0,0.835654596,0,0,0,0,1.39275766,3.064066852,0,100,84.95821727,0,33.42618384,0,28.13370474,242.6183844,7.799442897,278.551532,0
128.3,160699.77,8.296943231,0,0,33.18777293,0,0,0,0.873362445,0,0.436681223,10.91703057,0,0,0,0,0,0,0,0,0,0,0,0,0,0,0,0,0,0,0,4.366812227,0,21.83406114,0,0.873362445,0,1.310043668,0,0,0,0,0,0,0,0,0,0,0,0,0,0,0,0,0,0,0,0,1.310043668,1.746724891,10.04366812,0,0,0,0,0,0,0,0,0,0,0.873362445,0,0,0,0,1.310043668,1.746724891,0,100,112.6637555,0,37.55458515,0,50.21834061,374.2358079,12.22707424,436.6812227,0
129.8,162712.62,7.558139535,0,0,28.48837209,0,0,0,0.581395349,0,0.581395349,13.6627907,0,0,0,0,0,0,0,0,0,1.453488372,0,0,0,0,0,0,0.581395349,0,0,5.523255814,0,20.05813953,0,1.744186047,0,0,0,0,0,0,0,0,0,0,0,0,0,0,0,0,0,0,0,0,0,0,1.453488372,2.61627907,9.011627907,0.290697674,0,0.290697674,0.581395349,0,0,0,0,0,0,0.872093023,0,0,0.290697674,0,1.744186047,0.872093023,0,100,117.1511628,0,39.53488372,0,30.23255814,251.744186,8.720930233,290.6976744,0
131.8,165396.42,6.798866856,0,0,27.47875354,0,0,0,0.849858357,0,1.133144476,11.61473088,0,0,0,0,0,0,0,0,0,0.283286119,0,0,0,0,0,0,0.283286119,0,0,4.532577904,0,25.21246459,0,2.266288952,0,0.566572238,0,0,0,0,0,0,0,0,0,0.283286119,0,0,0,0,0,0,0,0,0,0,0.283286119,1.416430595,11.61473088,0,0,0,0.283286119,0,0,0,0,0,0,0,0,0,0,0,0.283286119,3.116147309,0,100,118.6968839,0,40.2266289,0,32.01133144,243.6260623,7.648725212,283.286119,0
133.3,167409.27,6.965174129,0,0,19.90049751,0,0,0.248756219,0.746268657,0,0,18.4079602,0,0,0,0,0,0,0,0,0,0,0,0,0,0,0,0,0.497512438,0,0,7.960199005,0,21.89054726,0.248756219,2.985074627,0,0,0,0,0,0,0,0,0,0,0,0.248756219,0,0,0,0,0,0,0,0,0,0,0.497512438,2.23880597,11.69154229,0,0,0,0.248756219,0.248756219,0,0,0,0,0,0.248756219,0,0,0,0,1.990049751,1.492537313,0,100,99.50248756,0,36.31840796,0,27.36318408,213.1840796,8.208955224,248.7562189,0
134.8,169422.12,5.793450882,0,0.251889169,6.297229219,0,0,0,0.755667506,0,0,7.052896725,0,0,0,0,0,0,0,0,0,0.251889169,0,0,0,0,0,0,0.503778338,0,0,0.251889169,0,27.95969773,0,5.793450882,0,0,0,0,0,0,0,0,0,0,0,0,0,0,0,0,0,0,0,0,0,0,5.037783375,6.04534005,25.94458438,0,0,0.251889169,0,0.503778338,0,0,0,0,0,0,0,0,0,0,2.518891688,3.526448363,0,100,125.9445844,0,40.05037783,0,25.94458438,219.395466,6.549118388,251.8891688,0
136.3,171434.97,7.033639144,0,0,15.29051988,0,0,0,0.611620795,0,0,12.2324159,0,0,0,0,0,0,0,0.305810398,0,0.611620795,0,0,0,0,0,0,0,0,0.305810398,2.140672783,0,27.21712538,0,2.44648318,0,0,0,0,0,0,0,0,0,0,0,0,0,0,0,0,0,0,0,0,0,0,3.975535168,3.363914373,17.12538226,0.305810398,0,0,0,0,0,0,0,0,0,0.305810398,0,0,0,0,1.22324159,3.363914373,0,100,159.0214067,0,45.25993884,0,38.83792049,248.0122324,18.96024465,305.8103976,0
137.7,173313.63,13.61161525,0,0,21.05263158,0,0,0.54446461,1.08892922,0,0,12.52268603,0,0,0,0,0,0,0.181488203,0,0,0,0,0,0,0,0.181488203,0,0.362976407,0,0,3.266787659,0,25.04537205,0,1.633393829,0,0,0,0,0,0,0,0,0,0,0,0,0,0,0,0,0,0,0,0,0,0,0.362976407,1.633393829,11.0707804,0.362976407,0,0,0,0,0,0,0,0,0,0.181488203,0,0,0,0,2.903811252,2.540834846,0,100,36.29764065,0,17.78584392,0,18.33030853,158.6206897,4.537205082,181.4882033,0
139.4,175594.86,14.62140992,0,0,26.89295039,0,0,0,1.305483029,0,0.261096606,6.266318538,0,0,0,0,0,0,0,0,0,0.261096606,0,0,0,0,0,0,0,0,0,6.266318538,0,18.53785901,0,2.610966057,0,0,0,0,0,0,0,0,0,0,0,0,0,0,0,0,0,0,0,0,0,0,1.044386423,4.177545692,10.44386423,0.783289817,0,0,0.261096606,0,0,0,0,0,0,0,0,0,0,0,3.65535248,2.088772846,0,100,52.21932115,0,21.67101828,0,25.32637076,228.7206266,7.049608355,261.0966057,0
140.8,177473.52,6.84596577,0,0.244498778,12.71393643,0,0,0,0.97799511,0,0.488997555,13.69193154,0,0,0,0,0,0,0,0,0,0.244498778,0,0,0,0,0,0,0.244498778,0.244498778,0.488997555,2.444987775,0,29.09535452,0,1.95599022,0,0,0,0,0,0,0,0,0,0,0,0,0,0,0,0,0,0,0,0,0,0,2.444987775,3.422982885,19.80440098,0,0,0,0.488997555,0,0,0,0,0,0,0,0,0,0,0,1.95599022,1.95599022,0,100,88.0195599,0,30.80684597,0,24.93887531,211.002445,8.557457213,244.4987775,0
142,179083.8,12.39316239,0,0.427350427,28.63247863,0,0,0,0,0,0,12.39316239,0,0,0,0,0,0,0,0,0,0,0,0,0,0,0,0.427350427,0,0,0,2.991452991,0,13.24786325,0,2.136752137,0,0,0,0,0,0,0,0,0,0,0,0,0,0,0,0,0,0,0,0,0,0,1.282051282,2.991452991,16.23931624,0,0,0,0,0,0,0,0,0,0,0,0,0,0.427350427,0,0.427350427,4.273504274,0,100,213.6752137,0,59.4017094,0,42.30769231,373.9316239,11.11111111,0,0
